Invoice ID,Field Name,From Value,To Value,Invoice #,Supplier,Status,Created By,Created Date
6,status,N/A,new,104,Apple One Temp Labor,voided,Meg (CEO) Jordan,2009-05-04T22:29:52-07:00
6,status,new,draft,104,Apple One Temp Labor,voided,Meg (CEO) Jordan,2009-05-04T22:29:53-07:00
6,status,draft,on_hold,104,Apple One Temp Labor,voided,Meg (CEO) Jordan,2009-05-04T22:30:14-07:00
6,status,on_hold,approved,104,Apple One Temp Labor,voided,Meg (CEO) Jordan,2009-05-04T22:30:31-07:00
7,status,N/A,new,120,Lenovo,approved,Anna (AP Director) Manning,2008-10-06T06:03:59-07:00
7,status,new,draft,120,Lenovo,approved,Anna (AP Director) Manning,2008-10-06T06:03:59-07:00
7,status,draft,on_hold,120,Lenovo,approved,Anna (AP Director) Manning,2008-10-06T06:04:10-07:00
7,status,on_hold,approved,120,Lenovo,approved,Anna (AP Director) Manning,2008-10-06T06:04:28-07:00
8,status,N/A,new,302,KZ Designs,approved,Anna (AP Director) Manning,2008-10-06T06:04:57-07:00
8,status,new,draft,302,KZ Designs,approved,Anna (AP Director) Manning,2008-10-06T06:04:57-07:00
8,status,draft,approved,302,KZ Designs,approved,Anna (AP Director) Manning,2008-10-06T06:05:14-07:00
9,status,N/A,new,3290,Omniture Marketing Services,approved,Anna (AP Director) Manning,2008-10-06T06:05:35-07:00
9,status,new,draft,3290,Omniture Marketing Services,approved,Anna (AP Director) Manning,2008-10-06T06:05:35-07:00
9,status,draft,on_hold,3290,Omniture Marketing Services,approved,Anna (AP Director) Manning,2008-10-06T06:05:46-07:00
9,status,on_hold,approved,3290,Omniture Marketing Services,approved,Anna (AP Director) Manning,2008-10-06T06:06:01-07:00
10,status,N/A,new,1094,Hyver Accounting,approved,Anna (AP Director) Manning,2008-10-06T06:06:35-07:00
10,status,new,draft,1094,Hyver Accounting,approved,Anna (AP Director) Manning,2008-10-06T06:06:35-07:00
10,status,draft,approved,1094,Hyver Accounting,approved,Anna (AP Director) Manning,2008-10-06T06:06:53-07:00
11,status,N/A,new,1309,Metro Gateway Center,approved,Anna (AP Director) Manning,2008-10-06T06:07:25-07:00
11,status,new,draft,1309,Metro Gateway Center,approved,Anna (AP Director) Manning,2008-10-06T06:07:25-07:00
11,status,draft,on_hold,1309,Metro Gateway Center,approved,Anna (AP Director) Manning,2008-10-06T06:07:39-07:00
11,status,on_hold,approved,1309,Metro Gateway Center,approved,Anna (AP Director) Manning,2008-10-06T06:07:56-07:00
12,status,N/A,new,9054,Lenovo,approved,Anna (AP Director) Manning,2008-10-06T06:11:13-07:00
12,status,new,draft,9054,Lenovo,approved,Anna (AP Director) Manning,2008-10-06T06:11:13-07:00
12,status,draft,on_hold,9054,Lenovo,approved,Anna (AP Director) Manning,2008-10-06T06:11:25-07:00
12,status,on_hold,approved,9054,Lenovo,approved,Anna (AP Director) Manning,2008-10-06T06:11:45-07:00
13,status,N/A,new,9505,Hyver Accounting,approved,Victor (CFO) Pierre,2008-10-06T06:16:05-07:00
13,status,new,draft,9505,Hyver Accounting,approved,Victor (CFO) Pierre,2008-10-06T06:16:06-07:00
13,status,draft,approved,9505,Hyver Accounting,approved,Victor (CFO) Pierre,2008-10-06T06:16:35-07:00
14,status,N/A,new,32904,Hyver Accounting,approved,Meg (CEO) Jordan,2008-11-14T10:41:24-08:00
14,status,new,draft,32904,Hyver Accounting,approved,Meg (CEO) Jordan,2008-11-14T10:41:25-08:00
14,status,draft,approved,32904,Hyver Accounting,approved,Meg (CEO) Jordan,2008-11-14T10:41:59-08:00
15,status,N/A,new,4905,Lenovo,approved,Meg (CEO) Jordan,2008-11-14T11:22:44-08:00
15,status,new,draft,4905,Lenovo,approved,Meg (CEO) Jordan,2008-11-14T11:22:44-08:00
15,status,draft,on_hold,4905,Lenovo,approved,Meg (CEO) Jordan,2008-11-14T11:22:55-08:00
15,status,on_hold,approved,4905,Lenovo,approved,Meg (CEO) Jordan,2008-11-14T11:23:10-08:00
16,status,N/A,new,5904,Omniture Marketing Services,approved,Meg (CEO) Jordan,2008-11-14T11:24:26-08:00
16,status,new,draft,5904,Omniture Marketing Services,approved,Meg (CEO) Jordan,2008-11-14T11:24:26-08:00
16,status,draft,on_hold,5904,Omniture Marketing Services,approved,Meg (CEO) Jordan,2008-11-14T11:24:56-08:00
16,status,on_hold,approved,5904,Omniture Marketing Services,approved,Meg (CEO) Jordan,2008-11-14T11:25:15-08:00
17,status,N/A,new,,Apple One Temp Labor,draft,Anna (AP Director) Manning,2008-11-14T11:25:47-08:00
17,status,new,draft,,Apple One Temp Labor,draft,Anna (AP Director) Manning,2008-11-14T11:25:47-08:00
18,status,N/A,new,1042,Apple One Temp Labor,approved,Anna (AP Director) Manning,2008-11-14T11:26:15-08:00
18,status,new,draft,1042,Apple One Temp Labor,approved,Anna (AP Director) Manning,2008-11-14T11:26:15-08:00
18,status,draft,on_hold,1042,Apple One Temp Labor,approved,Anna (AP Director) Manning,2008-11-14T11:26:29-08:00
18,status,on_hold,approved,1042,Apple One Temp Labor,approved,Anna (AP Director) Manning,2008-11-14T11:26:48-08:00
19,status,N/A,new,2134,Hyver Accounting,approved,Anna (AP Director) Manning,2008-11-14T11:30:58-08:00
19,status,new,draft,2134,Hyver Accounting,approved,Anna (AP Director) Manning,2008-11-14T11:30:58-08:00
19,status,draft,approved,2134,Hyver Accounting,approved,Anna (AP Director) Manning,2008-11-14T11:31:06-08:00
20,status,N/A,new,59,Cheung Catering,approved,Anna (AP Director) Manning,2008-12-09T12:59:24-08:00
20,status,new,draft,59,Cheung Catering,approved,Anna (AP Director) Manning,2008-12-09T12:59:25-08:00
20,status,draft,on_hold,59,Cheung Catering,approved,Anna (AP Director) Manning,2008-12-09T13:00:03-08:00
20,status,on_hold,approved,59,Cheung Catering,approved,Anna (AP Director) Manning,2008-12-09T13:00:23-08:00
21,status,N/A,new,93,Metro Gateway Center,approved,Anna (AP Director) Manning,2008-12-09T13:00:42-08:00
21,status,new,draft,93,Metro Gateway Center,approved,Anna (AP Director) Manning,2008-12-09T13:00:43-08:00
21,status,draft,on_hold,93,Metro Gateway Center,approved,Anna (AP Director) Manning,2008-12-09T13:00:56-08:00
21,status,on_hold,approved,93,Metro Gateway Center,approved,Anna (AP Director) Manning,2008-12-09T13:01:34-08:00
22,status,N/A,new,89,Insight,approved,Anna (AP Director) Manning,2008-12-09T13:03:17-08:00
22,status,new,draft,89,Insight,approved,Anna (AP Director) Manning,2008-12-09T13:03:18-08:00
22,status,draft,approved,89,Insight,approved,Anna (AP Director) Manning,2008-12-09T13:03:51-08:00
23,status,N/A,new,89,CDW,approved,Anna (AP Director) Manning,2008-12-09T13:08:50-08:00
23,status,new,draft,89,CDW,approved,Anna (AP Director) Manning,2008-12-09T13:08:50-08:00
23,status,draft,on_hold,89,CDW,approved,Anna (AP Director) Manning,2008-12-09T13:09:03-08:00
24,status,N/A,new,98,Aberdeen Group,approved,Anna (AP Director) Manning,2008-12-09T13:09:51-08:00
24,status,new,draft,98,Aberdeen Group,approved,Anna (AP Director) Manning,2008-12-09T13:09:52-08:00
24,status,draft,approved,98,Aberdeen Group,approved,Anna (AP Director) Manning,2008-12-09T13:10:02-08:00
25,status,N/A,new,78,Aston Hotels,approved,Anna (AP Director) Manning,2008-12-09T13:10:20-08:00
25,status,new,draft,78,Aston Hotels,approved,Anna (AP Director) Manning,2008-12-09T13:10:22-08:00
25,status,draft,approved,78,Aston Hotels,approved,Anna (AP Director) Manning,2008-12-09T13:10:31-08:00
26,status,N/A,new,432,Aston Hotels,approved,Blair (Marketing VP) Hostler,2008-12-09T13:10:36-08:00
26,status,new,draft,432,Aston Hotels,approved,Blair (Marketing VP) Hostler,2008-12-09T13:10:36-08:00
27,status,N/A,new,8,Cheung Catering,approved,Anna (AP Director) Manning,2008-12-09T13:10:44-08:00
27,status,new,draft,8,Cheung Catering,approved,Anna (AP Director) Manning,2008-12-09T13:10:44-08:00
27,status,draft,approved,8,Cheung Catering,approved,Anna (AP Director) Manning,2008-12-09T13:10:52-08:00
29,status,N/A,new,89,Relocation Specialists,approved,Anna (AP Director) Manning,2008-12-09T13:11:02-08:00
29,status,new,draft,89,Relocation Specialists,approved,Anna (AP Director) Manning,2008-12-09T13:11:03-08:00
29,status,draft,approved,89,Relocation Specialists,approved,Anna (AP Director) Manning,2008-12-09T13:11:10-08:00
30,status,N/A,new,900,Lenovo,approved,Anna (AP Director) Manning,2008-12-09T13:11:24-08:00
30,status,new,draft,900,Lenovo,approved,Anna (AP Director) Manning,2008-12-09T13:11:25-08:00
26,status,draft,on_hold,432,Aston Hotels,approved,Blair (Marketing VP) Hostler,2008-12-09T13:11:30-08:00
30,status,draft,on_hold,900,Lenovo,approved,Anna (AP Director) Manning,2008-12-09T13:11:36-08:00
30,status,on_hold,approved,900,Lenovo,approved,Anna (AP Director) Manning,2008-12-09T13:11:58-08:00
26,status,on_hold,approved,432,Aston Hotels,approved,Blair (Marketing VP) Hostler,2008-12-09T13:12:01-08:00
31,status,N/A,new,89,Metro Gateway Center,draft,Anna (AP Director) Manning,2008-12-09T13:12:18-08:00
31,status,new,draft,89,Metro Gateway Center,draft,Anna (AP Director) Manning,2008-12-09T13:12:19-08:00
32,status,N/A,new,23,Lenovo,approved,Victor (CFO) Pierre,2009-01-19T14:00:21-08:00
32,status,new,draft,23,Lenovo,approved,Victor (CFO) Pierre,2009-01-19T14:00:21-08:00
32,status,draft,on_hold,23,Lenovo,approved,Victor (CFO) Pierre,2009-01-19T14:00:51-08:00
32,status,on_hold,approved,23,Lenovo,approved,Victor (CFO) Pierre,2009-01-19T14:01:42-08:00
33,status,N/A,new,34,Metro Gateway Center,approved,Anna (AP Director) Manning,2009-01-19T14:08:59-08:00
33,status,new,draft,34,Metro Gateway Center,approved,Anna (AP Director) Manning,2009-01-19T14:08:59-08:00
33,status,draft,on_hold,34,Metro Gateway Center,approved,Anna (AP Director) Manning,2009-01-19T14:09:15-08:00
33,status,on_hold,approved,34,Metro Gateway Center,approved,Anna (AP Director) Manning,2009-01-19T14:09:33-08:00
34,status,N/A,new,75,Omniture Marketing Services,approved,Anna (AP Director) Manning,2009-01-19T14:09:47-08:00
34,status,new,draft,75,Omniture Marketing Services,approved,Anna (AP Director) Manning,2009-01-19T14:09:47-08:00
34,status,draft,on_hold,75,Omniture Marketing Services,approved,Anna (AP Director) Manning,2009-01-19T14:09:58-08:00
35,status,N/A,new,4902,Tandem Consulting,approved,Meg (CEO) Jordan,2009-01-19T14:09:59-08:00
35,status,new,draft,4902,Tandem Consulting,approved,Meg (CEO) Jordan,2009-01-19T14:09:59-08:00
34,status,on_hold,approved,75,Omniture Marketing Services,approved,Anna (AP Director) Manning,2009-01-19T14:10:19-08:00
35,status,draft,approved,4902,Tandem Consulting,approved,Meg (CEO) Jordan,2009-01-19T14:10:32-08:00
36,status,N/A,new,77,Amazon.com,approved,Anna (AP Director) Manning,2009-01-19T14:10:35-08:00
36,status,new,draft,77,Amazon.com,approved,Anna (AP Director) Manning,2009-01-19T14:10:35-08:00
36,status,draft,approved,77,Amazon.com,approved,Anna (AP Director) Manning,2009-01-19T14:10:43-08:00
37,status,N/A,new,55,Tandem Consulting,approved,Anna (AP Director) Manning,2009-01-19T14:12:25-08:00
37,status,new,draft,55,Tandem Consulting,approved,Anna (AP Director) Manning,2009-01-19T14:12:26-08:00
37,status,draft,approved,55,Tandem Consulting,approved,Anna (AP Director) Manning,2009-01-19T14:12:34-08:00
38,status,N/A,new,67,Tandem Consulting,approved,Meg (CEO) Jordan,2009-02-13T12:41:10-08:00
38,status,new,draft,67,Tandem Consulting,approved,Meg (CEO) Jordan,2009-02-13T12:41:10-08:00
38,status,draft,approved,67,Tandem Consulting,approved,Meg (CEO) Jordan,2009-02-13T12:41:32-08:00
39,status,N/A,new,43,CDW,approved,Victor (CFO) Pierre,2009-02-13T12:43:27-08:00
39,status,new,draft,43,CDW,approved,Victor (CFO) Pierre,2009-02-13T12:43:27-08:00
39,status,draft,on_hold,43,CDW,approved,Victor (CFO) Pierre,2009-02-13T12:43:36-08:00
40,status,N/A,new,9000,Omniture Marketing Services,approved,Anna (AP Director) Manning,2009-02-13T12:44:39-08:00
40,status,new,draft,9000,Omniture Marketing Services,approved,Anna (AP Director) Manning,2009-02-13T12:44:39-08:00
40,status,draft,on_hold,9000,Omniture Marketing Services,approved,Anna (AP Director) Manning,2009-02-13T12:44:48-08:00
40,status,on_hold,approved,9000,Omniture Marketing Services,approved,Anna (AP Director) Manning,2009-02-13T12:46:01-08:00
41,status,N/A,new,8,Apple One Temp Labor,approved,Anna (AP Director) Manning,2009-02-13T12:46:34-08:00
41,status,new,draft,8,Apple One Temp Labor,approved,Anna (AP Director) Manning,2009-02-13T12:46:34-08:00
41,status,draft,on_hold,8,Apple One Temp Labor,approved,Anna (AP Director) Manning,2009-02-13T12:46:43-08:00
41,status,on_hold,approved,8,Apple One Temp Labor,approved,Anna (AP Director) Manning,2009-02-13T12:47:06-08:00
42,status,N/A,new,99,Omniture Marketing Services,approved,Anna (AP Director) Manning,2009-02-13T12:47:55-08:00
42,status,new,draft,99,Omniture Marketing Services,approved,Anna (AP Director) Manning,2009-02-13T12:47:55-08:00
42,status,draft,on_hold,99,Omniture Marketing Services,approved,Anna (AP Director) Manning,2009-02-13T12:48:03-08:00
42,status,on_hold,approved,99,Omniture Marketing Services,approved,Anna (AP Director) Manning,2009-02-13T12:48:26-08:00
43,status,N/A,new,88,OfficeMax,approved,Anna (AP Director) Manning,2009-03-09T18:52:15-07:00
43,status,new,draft,88,OfficeMax,approved,Anna (AP Director) Manning,2009-03-09T18:52:16-07:00
43,status,draft,approved,88,OfficeMax,approved,Anna (AP Director) Manning,2009-03-09T18:52:27-07:00
44,status,N/A,new,98,Omniture Marketing Services,approved,Anna (AP Director) Manning,2009-03-09T18:52:47-07:00
44,status,new,draft,98,Omniture Marketing Services,approved,Anna (AP Director) Manning,2009-03-09T18:52:47-07:00
44,status,draft,on_hold,98,Omniture Marketing Services,approved,Anna (AP Director) Manning,2009-03-09T18:52:54-07:00
45,status,N/A,new,,OfficeMax,draft,Blair (Marketing VP) Hostler,2009-03-09T18:53:07-07:00
45,status,new,draft,,OfficeMax,draft,Blair (Marketing VP) Hostler,2009-03-09T18:53:08-07:00
44,status,on_hold,approved,98,Omniture Marketing Services,approved,Anna (AP Director) Manning,2009-03-09T18:53:10-07:00
46,status,N/A,new,98,Melcher Metals,approved,Anna (AP Director) Manning,2009-03-09T18:53:22-07:00
46,status,new,draft,98,Melcher Metals,approved,Anna (AP Director) Manning,2009-03-09T18:53:22-07:00
47,status,N/A,new,4903,Tandem Consulting,approved,Blair (Marketing VP) Hostler,2009-03-09T18:53:22-07:00
47,status,new,draft,4903,Tandem Consulting,approved,Blair (Marketing VP) Hostler,2009-03-09T18:53:22-07:00
46,status,draft,approved,98,Melcher Metals,approved,Anna (AP Director) Manning,2009-03-09T18:53:29-07:00
47,status,draft,approved,4903,Tandem Consulting,approved,Blair (Marketing VP) Hostler,2009-03-09T18:53:35-07:00
48,status,N/A,new,89,Aberdeen Group,approved,Anna (AP Director) Manning,2009-03-09T18:53:45-07:00
48,status,new,draft,89,Aberdeen Group,approved,Anna (AP Director) Manning,2009-03-09T18:53:45-07:00
48,status,draft,approved,89,Aberdeen Group,approved,Anna (AP Director) Manning,2009-03-09T18:53:54-07:00
49,status,N/A,new,909,Amazon.com,approved,Anna (AP Director) Manning,2009-03-09T18:54:11-07:00
49,status,new,draft,909,Amazon.com,approved,Anna (AP Director) Manning,2009-03-09T18:54:11-07:00
50,status,N/A,new,432432,Hyver Accounting,approved,Blair (Marketing VP) Hostler,2009-03-09T18:54:30-07:00
50,status,new,draft,432432,Hyver Accounting,approved,Blair (Marketing VP) Hostler,2009-03-09T18:54:30-07:00
49,status,draft,approved,909,Amazon.com,approved,Anna (AP Director) Manning,2009-03-09T18:54:42-07:00
50,status,draft,approved,432432,Hyver Accounting,approved,Blair (Marketing VP) Hostler,2009-03-09T18:54:54-07:00
51,status,N/A,new,34,Expedia,approved,Anna (AP Director) Manning,2009-03-09T18:55:08-07:00
51,status,new,draft,34,Expedia,approved,Anna (AP Director) Manning,2009-03-09T18:55:08-07:00
51,status,draft,approved,34,Expedia,approved,Anna (AP Director) Manning,2009-03-09T18:55:23-07:00
52,status,N/A,new,54,Metro Gateway Center,approved,Anna (AP Director) Manning,2009-04-27T09:42:41-07:00
52,status,new,draft,54,Metro Gateway Center,approved,Anna (AP Director) Manning,2009-04-27T09:42:42-07:00
52,status,draft,on_hold,54,Metro Gateway Center,approved,Anna (AP Director) Manning,2009-04-27T09:42:51-07:00
53,status,N/A,new,686,CDW,approved,Anna (AP Director) Manning,2009-04-27T09:43:10-07:00
53,status,new,draft,686,CDW,approved,Anna (AP Director) Manning,2009-04-27T09:43:10-07:00
53,status,draft,on_hold,686,CDW,approved,Anna (AP Director) Manning,2009-04-27T09:43:20-07:00
52,status,on_hold,approved,54,Metro Gateway Center,approved,Ellis (Marketing Lead) Johnson,2009-04-27T09:44:39-07:00
53,status,on_hold,approved,686,CDW,approved,Ellis (Marketing Lead) Johnson,2009-04-27T09:44:41-07:00
54,status,N/A,new,5905-v,Amazon.com,approved,Kenny (IT VP) Watkins,2009-04-27T09:47:49-07:00
54,status,new,draft,5905-v,Amazon.com,approved,Kenny (IT VP) Watkins,2009-04-27T09:47:49-07:00
54,status,draft,approved,5905-v,Amazon.com,approved,Kenny (IT VP) Watkins,2009-04-27T09:48:03-07:00
55,status,N/A,new,,Metro Gateway Center,draft,Kenny (IT VP) Watkins,2009-04-27T09:48:23-07:00
55,status,new,draft,,Metro Gateway Center,draft,Kenny (IT VP) Watkins,2009-04-27T09:48:24-07:00
56,status,N/A,new,24,Apple One Temp Labor,approved,Anna (AP Director) Manning,2009-04-27T09:59:35-07:00
56,status,new,draft,24,Apple One Temp Labor,approved,Anna (AP Director) Manning,2009-04-27T09:59:36-07:00
56,status,draft,on_hold,24,Apple One Temp Labor,approved,Anna (AP Director) Manning,2009-04-27T09:59:52-07:00
56,status,on_hold,approved,24,Apple One Temp Labor,approved,Anna (AP Director) Manning,2009-04-27T10:00:16-07:00
57,status,N/A,new,4,Davis Florists,approved,Anna (AP Director) Manning,2009-04-27T10:01:02-07:00
57,status,new,draft,4,Davis Florists,approved,Anna (AP Director) Manning,2009-04-27T10:01:03-07:00
57,status,draft,approved,4,Davis Florists,approved,Anna (AP Director) Manning,2009-04-27T10:01:11-07:00
6,status,N/A,voided,104,Apple One Temp Labor,voided,Tommy (Sales Lead) Kennedy,2009-06-04T15:27:33-07:00
57,status,draft,on_hold,4,Davis Florists,approved,Kevin Rhine,2009-06-25T12:26:43-07:00
6,status,draft,on_hold,104,Apple One Temp Labor,voided,Kevin Rhine,2009-06-25T12:26:47-07:00
58,status,N/A,new,1000,Amazon.com,approved,Sally (Sales VP) Jones,2009-06-29T17:13:43-07:00
58,status,new,draft,1000,Amazon.com,approved,Sally (Sales VP) Jones,2009-06-29T17:13:43-07:00
58,status,draft,approved,1000,Amazon.com,approved,Sally (Sales VP) Jones,2009-06-29T17:14:06-07:00
59,status,N/A,new,1001,Amazon.com,approved,Sally (Sales VP) Jones,2009-06-29T17:14:18-07:00
59,status,new,draft,1001,Amazon.com,approved,Sally (Sales VP) Jones,2009-06-29T17:14:18-07:00
59,status,draft,approved,1001,Amazon.com,approved,Sally (Sales VP) Jones,2009-06-29T17:14:28-07:00
60,status,N/A,new,1003,overstock.com,approved,Sally (Sales VP) Jones,2009-06-29T17:14:41-07:00
60,status,new,draft,1003,overstock.com,approved,Sally (Sales VP) Jones,2009-06-29T17:14:41-07:00
60,status,draft,approved,1003,overstock.com,approved,Sally (Sales VP) Jones,2009-06-29T17:15:09-07:00
61,status,N/A,new,1004,Relocation Specialists,approved,Sally (Sales VP) Jones,2009-06-29T17:15:41-07:00
61,status,new,draft,1004,Relocation Specialists,approved,Sally (Sales VP) Jones,2009-06-29T17:15:41-07:00
61,status,draft,on_hold,1004,Relocation Specialists,approved,Sally (Sales VP) Jones,2009-06-29T17:15:57-07:00
62,status,N/A,new,1005,Lenovo,approved,Sally (Sales VP) Jones,2009-06-29T17:18:20-07:00
62,status,new,draft,1005,Lenovo,approved,Sally (Sales VP) Jones,2009-06-29T17:18:21-07:00
62,status,draft,on_hold,1005,Lenovo,approved,Sally (Sales VP) Jones,2009-06-29T17:18:30-07:00
62,status,on_hold,approved,1005,Lenovo,approved,Sally (Sales VP) Jones,2009-06-29T17:18:50-07:00
61,status,on_hold,approved,1004,Relocation Specialists,approved,Sally (Sales VP) Jones,2009-06-29T17:19:00-07:00
63,status,N/A,new,566,Lenovo,approved,Anna (AP Director) Manning,2009-07-10T15:37:53-07:00
63,status,new,draft,566,Lenovo,approved,Anna (AP Director) Manning,2009-07-10T15:37:53-07:00
63,status,draft,on_hold,566,Lenovo,approved,Anna (AP Director) Manning,2009-07-10T15:38:25-07:00
63,status,on_hold,approved,566,Lenovo,approved,Kenny (IT VP) Watkins,2009-07-10T15:39:35-07:00
64,status,N/A,new,9,overstock.com,approved,Anna (AP Director) Manning,2009-07-10T15:51:13-07:00
64,status,new,draft,9,overstock.com,approved,Anna (AP Director) Manning,2009-07-10T15:51:13-07:00
64,status,draft,on_hold,9,overstock.com,approved,Anna (AP Director) Manning,2009-07-10T15:51:46-07:00
64,status,on_hold,approved,9,overstock.com,approved,Anna (AP Director) Manning,2009-07-10T15:52:25-07:00
66,status,N/A,new,24221,Umbrella Corporation,approved,Kevin Rhine,2009-08-13T13:39:26-07:00
66,status,new,draft,24221,Umbrella Corporation,approved,Kevin Rhine,2009-08-13T13:39:45-07:00
66,status,draft,on_hold,24221,Umbrella Corporation,approved,Kevin Rhine,2009-08-13T13:40:57-07:00
66,status,on_hold,approved,24221,Umbrella Corporation,approved,Kevin Rhine,2009-08-13T13:41:37-07:00
67,status,N/A,new,532343,Manchurian Global,approved,Kevin Rhine,2009-08-13T13:44:02-07:00
67,status,new,draft,532343,Manchurian Global,approved,Kevin Rhine,2009-08-13T13:44:23-07:00
67,status,draft,on_hold,532343,Manchurian Global,approved,Kevin Rhine,2009-08-13T13:44:51-07:00
67,status,on_hold,approved,532343,Manchurian Global,approved,Kevin Rhine,2009-08-13T13:45:04-07:00
69,status,N/A,new,874633,Cyberdyne,approved,Kevin Rhine,2009-08-13T13:47:26-07:00
69,status,new,draft,874633,Cyberdyne,approved,Kevin Rhine,2009-08-13T13:47:27-07:00
69,status,draft,on_hold,874633,Cyberdyne,approved,Kevin Rhine,2009-08-13T13:47:46-07:00
69,status,on_hold,approved,874633,Cyberdyne,approved,Kevin Rhine,2009-08-13T13:47:59-07:00
70,status,N/A,new,934373,CHOAM,approved,Kevin Rhine,2009-08-13T13:49:23-07:00
70,status,new,draft,934373,CHOAM,approved,Kevin Rhine,2009-08-13T13:49:23-07:00
70,status,draft,on_hold,934373,CHOAM,approved,Kevin Rhine,2009-08-13T13:49:39-07:00
70,status,on_hold,approved,934373,CHOAM,approved,Kevin Rhine,2009-08-13T13:49:55-07:00
71,status,N/A,new,A23222,Techno Union,approved,Kevin Rhine,2009-08-13T13:50:30-07:00
71,status,new,draft,A23222,Techno Union,approved,Kevin Rhine,2009-08-13T13:50:31-07:00
71,status,draft,on_hold,A23222,Techno Union,approved,Kevin Rhine,2009-08-13T13:50:46-07:00
71,status,on_hold,approved,A23222,Techno Union,approved,Kevin Rhine,2009-08-13T13:50:58-07:00
72,status,N/A,new,B34533,Biffco,approved,Kevin Rhine,2009-08-13T13:51:39-07:00
72,status,new,draft,B34533,Biffco,approved,Kevin Rhine,2009-08-13T13:51:39-07:00
72,status,draft,on_hold,B34533,Biffco,approved,Kevin Rhine,2009-08-13T13:51:58-07:00
72,status,on_hold,approved,B34533,Biffco,approved,Kevin Rhine,2009-08-13T13:52:10-07:00
73,status,N/A,new,C45333232,Con-Amalgamate,approved,Kevin Rhine,2009-08-13T13:52:59-07:00
73,status,new,draft,C45333232,Con-Amalgamate,approved,Kevin Rhine,2009-08-13T13:53:00-07:00
73,status,draft,on_hold,C45333232,Con-Amalgamate,approved,Kevin Rhine,2009-08-13T13:53:14-07:00
73,status,on_hold,approved,C45333232,Con-Amalgamate,approved,Kevin Rhine,2009-08-13T13:53:24-07:00
74,status,N/A,new,BL23422,BuynLarge,approved,Kevin Rhine,2009-08-13T13:54:02-07:00
74,status,new,draft,BL23422,BuynLarge,approved,Kevin Rhine,2009-08-13T13:54:03-07:00
74,status,draft,on_hold,BL23422,BuynLarge,approved,Kevin Rhine,2009-08-13T13:54:21-07:00
74,status,on_hold,approved,BL23422,BuynLarge,approved,Kevin Rhine,2009-08-13T13:54:31-07:00
75,status,N/A,new,344305532,Lenovo,approved,Kevin Rhine,2009-10-21T13:32:01-07:00
75,status,new,draft,344305532,Lenovo,approved,Kevin Rhine,2009-10-21T13:32:01-07:00
75,status,draft,on_hold,344305532,Lenovo,approved,Kevin Rhine,2009-10-21T13:32:31-07:00
75,status,on_hold,approved,344305532,Lenovo,approved,Jim (IT Director) Tran,2009-10-21T13:34:29-07:00
76,status,N/A,new,INV0001-5433,Grainger,pending_approval,Anna (AP Director) Manning,2009-10-21T14:08:06-07:00
76,status,new,draft,INV0001-5433,Grainger,pending_approval,Anna (AP Director) Manning,2009-10-21T14:08:08-07:00
77,status,N/A,new,55000221,Grainger,approved,Anna (AP Director) Manning,2009-10-21T14:08:11-07:00
77,status,new,draft,55000221,Grainger,approved,Anna (AP Director) Manning,2009-10-21T14:08:13-07:00
77,status,draft,approved,55000221,Grainger,approved,Anna (AP Director) Manning,2009-10-21T14:08:37-07:00
39,status,on_hold,approved,43,CDW,approved,Anna (AP Director) Manning,2009-10-21T14:11:12-07:00
78,status,N/A,new,0009123-54,Omniture Marketing Services,approved,Anna (AP Director) Manning,2009-10-21T14:11:50-07:00
78,status,new,draft,0009123-54,Omniture Marketing Services,approved,Anna (AP Director) Manning,2009-10-21T14:11:50-07:00
79,status,N/A,new,H4424535234,Omniture Marketing Services,approved,Anna (AP Director) Manning,2009-10-21T14:11:51-07:00
79,status,new,draft,H4424535234,Omniture Marketing Services,approved,Anna (AP Director) Manning,2009-10-21T14:11:52-07:00
79,status,draft,approved,H4424535234,Omniture Marketing Services,approved,Anna (AP Director) Manning,2009-10-21T14:12:23-07:00
80,status,N/A,new,6749202,Aberdeen Group,voided,Victor (CFO) Pierre,2009-10-21T15:10:23-07:00
80,status,new,draft,6749202,Aberdeen Group,voided,Victor (CFO) Pierre,2009-10-21T15:10:24-07:00
80,status,draft,approved,6749202,Aberdeen Group,voided,Victor (CFO) Pierre,2009-10-21T15:11:02-07:00
80,status,N/A,voided,6749202,Aberdeen Group,voided,Victor (CFO) Pierre,2009-10-21T15:12:28-07:00
81,status,N/A,new,99j4h481,Bio-Rad Laboratories,approved,Kevin Rhine,2009-10-21T17:30:31-07:00
81,status,new,draft,99j4h481,Bio-Rad Laboratories,approved,Kevin Rhine,2009-10-21T17:30:32-07:00
81,status,draft,on_hold,99j4h481,Bio-Rad Laboratories,approved,Kevin Rhine,2009-10-21T17:31:28-07:00
82,status,N/A,new,243adf111,OfficeMax,approved,Kevin Rhine,2009-10-21T17:56:40-07:00
82,status,new,draft,243adf111,OfficeMax,approved,Kevin Rhine,2009-10-21T17:56:40-07:00
82,status,draft,approved,243adf111,OfficeMax,approved,Kevin Rhine,2009-10-21T17:56:58-07:00
83,status,N/A,new,345345435,businessphonesdirect.com,approved,Kevin Rhine,2009-10-21T18:45:56-07:00
83,status,new,draft,345345435,businessphonesdirect.com,approved,Kevin Rhine,2009-10-21T18:45:57-07:00
83,status,draft,approved,345345435,businessphonesdirect.com,approved,Kevin Rhine,2009-10-21T18:46:17-07:00
85,status,N/A,new,9809814513,Acme,approved,Kevin Rhine,2010-01-07T14:49:40-08:00
85,status,new,draft,9809814513,Acme,approved,Kevin Rhine,2010-01-07T14:49:41-08:00
85,status,draft,on_hold,9809814513,Acme,approved,Kevin Rhine,2010-01-07T14:49:51-08:00
85,status,on_hold,approved,9809814513,Acme,approved,Kevin Rhine,2010-01-07T14:50:03-08:00
86,status,N/A,new,44912k,Bio-Rad Laboratories,approved,Kevin Rhine,2010-01-07T14:50:45-08:00
86,status,new,draft,44912k,Bio-Rad Laboratories,approved,Kevin Rhine,2010-01-07T14:50:46-08:00
86,status,draft,approved,44912k,Bio-Rad Laboratories,approved,Kevin Rhine,2010-01-07T14:51:03-08:00
87,status,N/A,new,232909,Omniture Marketing Services,approved,Kevin Rhine,2010-01-07T14:52:37-08:00
87,status,new,draft,232909,Omniture Marketing Services,approved,Kevin Rhine,2010-01-07T14:52:37-08:00
87,status,draft,approved,232909,Omniture Marketing Services,approved,Kevin Rhine,2010-01-07T14:52:51-08:00
88,status,N/A,new,908098098,San Francisco Chronicle,approved,Kevin Rhine,2010-01-07T14:54:24-08:00
88,status,new,draft,908098098,San Francisco Chronicle,approved,Kevin Rhine,2010-01-07T14:54:24-08:00
88,status,draft,approved,908098098,San Francisco Chronicle,approved,Kevin Rhine,2010-01-07T14:54:37-08:00
89,status,N/A,new,234234,Lenovo,approved,Kevin Rhine,2010-01-25T12:14:10-08:00
89,status,new,draft,234234,Lenovo,approved,Kevin Rhine,2010-01-25T12:14:10-08:00
89,status,draft,on_hold,234234,Lenovo,approved,Kevin Rhine,2010-01-25T12:14:20-08:00
89,status,on_hold,approved,234234,Lenovo,approved,Kevin Rhine,2010-01-25T12:14:42-08:00
90,status,N/A,new,24251,"Qualys, Inc",approved,Kevin Rhine,2010-02-04T15:02:25-08:00
90,status,new,draft,24251,"Qualys, Inc",approved,Kevin Rhine,2010-02-04T15:02:25-08:00
90,status,draft,approved,24251,"Qualys, Inc",approved,Kevin Rhine,2010-02-04T15:02:40-08:00
91,status,N/A,new,245252,CDW,approved,Victor (CFO) Pierre,2010-02-04T15:12:07-08:00
91,status,new,draft,245252,CDW,approved,Victor (CFO) Pierre,2010-02-04T15:12:07-08:00
91,status,draft,on_hold,245252,CDW,approved,Victor (CFO) Pierre,2010-02-04T15:12:24-08:00
91,status,on_hold,approved,245252,CDW,approved,Victor (CFO) Pierre,2010-02-04T15:12:43-08:00
92,status,N/A,new,234543,Amazon.com,approved,Victor (CFO) Pierre,2010-02-04T15:17:25-08:00
92,status,new,draft,234543,Amazon.com,approved,Victor (CFO) Pierre,2010-02-04T15:17:25-08:00
92,status,draft,on_hold,234543,Amazon.com,approved,Victor (CFO) Pierre,2010-02-04T15:17:55-08:00
92,status,on_hold,approved,234543,Amazon.com,approved,Victor (CFO) Pierre,2010-02-04T15:18:45-08:00
93,status,N/A,new,245245,Aston Hotels,approved,Victor (CFO) Pierre,2010-02-04T15:21:42-08:00
93,status,new,draft,245245,Aston Hotels,approved,Victor (CFO) Pierre,2010-02-04T15:21:42-08:00
93,status,draft,approved,245245,Aston Hotels,approved,Victor (CFO) Pierre,2010-02-04T15:21:56-08:00
94,status,new,draft,,OfficeMax,draft,Kevin Rhine,2010-02-25T15:23:24-08:00
95,status,new,draft,91834509,Lenovo,approved,Jim (IT Director) Tran,2010-04-07T20:39:17-07:00
95,status,draft,on_hold,91834509,Lenovo,approved,Jim (IT Director) Tran,2010-04-07T20:40:01-07:00
95,status,on_hold,approved,91834509,Lenovo,approved,Jim (IT Director) Tran,2010-04-07T20:40:24-07:00
96,status,new,draft,2345435,Omniture Marketing Services,approved,Jim (IT Director) Tran,2010-04-07T20:42:54-07:00
96,status,draft,on_hold,2345435,Omniture Marketing Services,approved,Jim (IT Director) Tran,2010-04-07T20:43:54-07:00
96,status,on_hold,approved,2345435,Omniture Marketing Services,approved,Jim (IT Director) Tran,2010-04-07T20:44:52-07:00
97,status,new,draft,23212,Lenovo,approved,Jim (IT Director) Tran,2010-04-07T20:45:19-07:00
97,status,draft,on_hold,23212,Lenovo,approved,Jim (IT Director) Tran,2010-04-07T20:45:38-07:00
98,status,new,draft,2343,Lenovo,approved,Jim (IT Director) Tran,2010-05-31T09:53:41-07:00
98,status,draft,on_hold,2343,Lenovo,approved,Jim (IT Director) Tran,2010-05-31T09:54:00-07:00
98,status,on_hold,approved,2343,Lenovo,approved,Jim (IT Director) Tran,2010-05-31T09:54:26-07:00
99,status,new,draft,2311,Lenovo,approved,Jim (IT Director) Tran,2010-05-31T09:54:41-07:00
99,status,draft,approved,2311,Lenovo,approved,Jim (IT Director) Tran,2010-05-31T09:54:59-07:00
100,status,new,draft,24112,Lenovo,approved,Jim (IT Director) Tran,2010-05-31T09:55:12-07:00
100,status,draft,approved,24112,Lenovo,approved,Jim (IT Director) Tran,2010-05-31T09:55:26-07:00
101,status,new,draft,0615-001,CDW,approved,Anna (AP Director) Manning,2010-06-30T21:21:21-07:00
101,status,draft,on_hold,0615-001,CDW,approved,Anna (AP Director) Manning,2010-06-30T21:21:41-07:00
101,status,on_hold,approved,0615-001,CDW,approved,Anna (AP Director) Manning,2010-06-30T21:22:16-07:00
102,status,new,draft,0615-001,3rd Party Marketing Firm,approved,Anna (AP Director) Manning,2010-06-30T21:24:01-07:00
102,status,draft,approved,0615-001,3rd Party Marketing Firm,approved,Anna (AP Director) Manning,2010-06-30T21:24:11-07:00
103,status,new,draft,0615-002,3rd Party Marketing Firm,approved,Anna (AP Director) Manning,2010-06-30T21:24:36-07:00
103,status,draft,approved,0615-002,3rd Party Marketing Firm,approved,Anna (AP Director) Manning,2010-06-30T21:24:47-07:00
104,status,new,draft,0615-001,Aston Hotels,approved,Anna (AP Director) Manning,2010-06-30T21:25:23-07:00
104,status,draft,approved,0615-001,Aston Hotels,approved,Anna (AP Director) Manning,2010-06-30T21:25:31-07:00
105,status,new,draft,0615-002,Aston Hotels,approved,Anna (AP Director) Manning,2010-06-30T21:25:50-07:00
105,status,draft,approved,0615-002,Aston Hotels,approved,Anna (AP Director) Manning,2010-06-30T21:25:58-07:00
106,status,new,draft,0625-002,Aston Hotels,approved,Anna (AP Director) Manning,2010-06-30T21:26:10-07:00
106,status,draft,approved,0625-002,Aston Hotels,approved,Anna (AP Director) Manning,2010-06-30T21:26:24-07:00
107,status,new,draft,0629 - 0123,CDW,approved,Anna (AP Director) Manning,2010-06-30T21:26:43-07:00
107,status,draft,on_hold,0629 - 0123,CDW,approved,Anna (AP Director) Manning,2010-06-30T21:26:55-07:00
108,status,new,draft,0629 - 0124,CDW,approved,Anna (AP Director) Manning,2010-06-30T21:28:07-07:00
108,status,draft,on_hold,0629 - 0124,CDW,approved,Anna (AP Director) Manning,2010-06-30T21:28:22-07:00
109,status,new,draft,0629 - 0125,CDW,approved,Anna (AP Director) Manning,2010-06-30T21:28:40-07:00
109,status,draft,on_hold,0629 - 0125,CDW,approved,Anna (AP Director) Manning,2010-06-30T21:28:51-07:00
109,status,on_hold,approved,0629 - 0125,CDW,approved,Ellis (Marketing Lead) Johnson,2010-06-30T21:29:28-07:00
108,status,on_hold,approved,0629 - 0124,CDW,approved,Ellis (Marketing Lead) Johnson,2010-06-30T21:29:42-07:00
107,status,on_hold,approved,0629 - 0123,CDW,approved,Ellis (Marketing Lead) Johnson,2010-06-30T21:29:59-07:00
110,status,new,draft,TIC-001,TIC Services,approved,Anna (AP Director) Manning,2010-06-30T21:32:26-07:00
110,status,draft,approved,TIC-001,TIC Services,approved,Anna (AP Director) Manning,2010-06-30T21:32:53-07:00
111,status,new,draft,0629 - 0123,TIC Services,approved,Anna (AP Director) Manning,2010-06-30T21:33:32-07:00
111,status,draft,on_hold,0629 - 0123,TIC Services,approved,Anna (AP Director) Manning,2010-06-30T21:34:27-07:00
111,status,on_hold,approved,0629 - 0123,TIC Services,approved,Anna (AP Director) Manning,2010-06-30T21:34:47-07:00
112,status,new,draft,6200,Lenovo,approved,Anna (AP Director) Manning,2010-08-11T18:09:15-07:00
112,status,draft,on_hold,6200,Lenovo,approved,Anna (AP Director) Manning,2010-08-11T18:10:21-07:00
112,status,on_hold,approved,6200,Lenovo,approved,Anna (AP Director) Manning,2010-08-11T18:10:51-07:00
113,status,new,draft,TIC-072510,TIC Services,approved,Anna (AP Director) Manning,2010-08-11T18:22:06-07:00
113,status,draft,approved,TIC-072510,TIC Services,approved,Anna (AP Director) Manning,2010-08-11T18:22:32-07:00
114,status,draft,on_hold,TIC-0830-001,TIC Services,approved,Kevin Rhine,2010-08-31T19:35:25-07:00
115,status,draft,on_hold,TIC-0830-002,TIC Services,approved,Kevin Rhine,2010-08-31T19:36:48-07:00
115,status,on_hold,approved,TIC-0830-002,TIC Services,approved,Anna (AP Director) Manning,2010-08-31T19:37:51-07:00
114,status,on_hold,approved,TIC-0830-001,TIC Services,approved,Anna (AP Director) Manning,2010-08-31T19:38:05-07:00
116,status,new,draft,0830-111,OfficeMax,approved,Kenny (IT VP) Watkins,2010-08-31T20:45:20-07:00
116,status,draft,approved,0830-111,OfficeMax,approved,Kenny (IT VP) Watkins,2010-08-31T20:47:29-07:00
117,status,new,draft,0830-222,OfficeMax,approved,Kenny (IT VP) Watkins,2010-08-31T20:48:04-07:00
117,status,draft,approved,0830-222,OfficeMax,approved,Kenny (IT VP) Watkins,2010-08-31T20:50:18-07:00
118,status,draft,on_hold,0830-111,Omniture Marketing Services,approved,Kevin Rhine,2010-08-31T21:04:22-07:00
118,status,on_hold,approved,0830-111,Omniture Marketing Services,approved,Kevin Rhine,2010-08-31T21:04:35-07:00
119,status,new,draft,0830-444,Lenovo,approved,Kevin Rhine,2010-08-31T21:05:25-07:00
119,status,draft,on_hold,0830-444,Lenovo,approved,Kevin Rhine,2010-08-31T21:05:40-07:00
119,status,on_hold,approved,0830-444,Lenovo,approved,Kevin Rhine,2010-08-31T21:08:29-07:00
120,status,new,draft,0819-123,Aberdeen Group,approved,Kevin Rhine,2010-08-31T21:10:53-07:00
120,status,draft,approved,0819-123,Aberdeen Group,approved,Kevin Rhine,2010-08-31T21:11:10-07:00
121,status,new,draft,0819-123,Cheung Catering,approved,Kevin Rhine,2010-08-31T21:12:12-07:00
121,status,draft,approved,0819-123,Cheung Catering,approved,Kevin Rhine,2010-08-31T21:12:24-07:00
122,status,new,draft,0819-321,Aston Hotels,approved,Kevin Rhine,2010-08-31T21:13:18-07:00
122,status,draft,approved,0819-321,Aston Hotels,approved,Kevin Rhine,2010-08-31T21:13:32-07:00
123,status,new,draft,0819-889,overstock.com,approved,Kevin Rhine,2010-08-31T21:14:13-07:00
123,status,draft,approved,0819-889,overstock.com,approved,Kevin Rhine,2010-08-31T21:14:31-07:00
124,status,new,draft,0825-1987,Lenovo,approved,Kevin Rhine,2010-08-31T21:15:37-07:00
124,status,draft,on_hold,0825-1987,Lenovo,approved,Kevin Rhine,2010-08-31T21:16:43-07:00
124,status,on_hold,approved,0825-1987,Lenovo,approved,Kevin Rhine,2010-08-31T21:18:57-07:00
125,status,draft,on_hold,0923-1123,Omniture Marketing Services,approved,Anna (AP Director) Manning,2010-09-23T14:22:14-07:00
125,status,on_hold,on_dispute,0923-1123,Omniture Marketing Services,approved,Anna (AP Director) Manning,2010-09-23T14:22:26-07:00
125,status,on_dispute,approved,0923-1123,Omniture Marketing Services,approved,Anna (AP Director) Manning,2010-09-23T14:23:09-07:00
126,status,draft,on_hold,0923-9898,Acme,approved,Anna (AP Director) Manning,2010-09-23T14:37:21-07:00
126,status,on_hold,approved,0923-9898,Acme,approved,Anna (AP Director) Manning,2010-09-23T14:38:03-07:00
128,status,draft,on_hold,0923-5322,Cyberdyne,approved,Monica Brady,2010-09-23T14:44:34-07:00
128,status,on_hold,withdrawn,0923-5322,Cyberdyne,approved,Monica Brady,2010-09-23T14:45:07-07:00
128,status,new,draft,0923-5322,Cyberdyne,approved,Monica Brady,2010-09-23T14:45:07-07:00
128,status,draft,on_hold,0923-5322,Cyberdyne,approved,Monica Brady,2010-09-23T14:45:21-07:00
129,status,draft,on_hold,1004-123,OfficeMax,approved,Anna (AP Director) Manning,2010-10-04T12:18:17-07:00
129,status,on_hold,approved,1004-123,OfficeMax,approved,Anna (AP Director) Manning,2010-10-04T12:18:35-07:00
128,status,on_hold,approved,0923-5322,Cyberdyne,approved,bill (controller) roberts,2010-11-09T15:23:23-08:00
130,status,new,draft,1101-1111,Lenovo,approved,Coupa Support,2010-11-30T15:31:21-08:00
131,status,new,draft,1101-1112,Lenovo,approved,Coupa Support,2010-11-30T15:32:25-08:00
132,status,new,draft,1101-1113,Lenovo,approved,Coupa Support,2010-11-30T15:33:18-08:00
133,status,new,draft,1101-1114,Lenovo,approved,Coupa Support,2010-11-30T15:34:29-08:00
133,status,draft,approved,1101-1114,Lenovo,approved,Ellis (Marketing Lead) Johnson,2010-11-30T15:36:17-08:00
132,status,draft,approved,1101-1113,Lenovo,approved,Ellis (Marketing Lead) Johnson,2010-11-30T15:36:32-08:00
131,status,draft,approved,1101-1112,Lenovo,approved,Kevin Rhine,2010-11-30T15:38:53-08:00
130,status,draft,approved,1101-1111,Lenovo,approved,Kevin Rhine,2010-11-30T15:39:53-08:00
134,status,new,draft,1101-1115,Lenovo,approved,Kevin Rhine,2010-11-30T15:45:10-08:00
134,status,draft,approved,1101-1115,Lenovo,approved,Kevin Rhine,2010-11-30T15:46:53-08:00
135,status,new,draft,Len-Dec10-001,Lenovo,approved,Coupa Support,2011-01-25T11:26:21-08:00
135,status,draft,approved,Len-Dec10-001,Lenovo,approved,Coupa Support,2011-01-25T11:28:43-08:00
136,status,new,draft,Len-Dec10-002,Lenovo,approved,Anna (AP Director) Manning,2011-01-25T11:30:20-08:00
136,status,draft,approved,Len-Dec10-002,Lenovo,approved,Anna (AP Director) Manning,2011-01-25T11:31:21-08:00
137,status,N/A,new,OM-041111-0123,Omniture Marketing Services,approved,Monica Brady,2011-04-12T16:39:22-07:00
137,status,draft,on_hold,OM-041111-0123,Omniture Marketing Services,approved,Monica Brady,2011-04-12T16:42:46-07:00
140,status,N/A,new,041111-123,Tandem Consulting,approved,Monica Brady,2011-04-12T16:43:32-07:00
140,status,new,draft,041111-123,Tandem Consulting,approved,Monica Brady,2011-04-12T16:46:09-07:00
143,status,N/A,new,041111-012,Dell Computers,approved,Monica Brady,2011-04-12T16:46:31-07:00
143,status,draft,on_hold,041111-012,Dell Computers,approved,Monica Brady,2011-04-12T16:47:22-07:00
143,status,on_hold,approved,041111-012,Dell Computers,approved,Anna (AP Director) Manning,2011-04-12T16:47:50-07:00
140,status,draft,approved,041111-123,Tandem Consulting,approved,Anna (AP Director) Manning,2011-04-12T16:47:52-07:00
137,status,on_hold,approved,OM-041111-0123,Omniture Marketing Services,approved,Anna (AP Director) Manning,2011-04-12T16:47:59-07:00
145,status,N/A,new,070511-001,TIC Services,approved,Monica Brady,2011-07-12T12:49:59-07:00
146,status,N/A,new,,,new,Monica Brady,2011-07-12T12:51:18-07:00
145,status,new,approved,070511-001,TIC Services,approved,Anna (AP Director) Manning,2011-07-12T12:52:34-07:00
150,status,N/A,new,07011-001,Lenovo,approved,Monica Brady,2011-07-12T13:07:07-07:00
150,status,new,draft,07011-001,Lenovo,approved,Monica Brady,2011-07-12T13:07:07-07:00
151,status,N/A,new,070111-002,Lenovo,approved,Monica Brady,2011-07-12T13:08:21-07:00
151,status,new,draft,070111-002,Lenovo,approved,Monica Brady,2011-07-12T13:08:21-07:00
152,status,N/A,new,070111-003,Lenovo,approved,Monica Brady,2011-07-12T13:09:05-07:00
152,status,new,draft,070111-003,Lenovo,approved,Monica Brady,2011-07-12T13:09:05-07:00
153,status,N/A,new,070111-004,CDW,approved,Monica Brady,2011-07-12T13:10:08-07:00
153,status,new,draft,070111-004,CDW,approved,Monica Brady,2011-07-12T13:10:09-07:00
152,status,draft,approved,070111-003,Lenovo,approved,Jim (IT Director) Tran,2011-07-12T13:13:18-07:00
151,status,draft,approved,070111-002,Lenovo,approved,Jim (IT Director) Tran,2011-07-12T13:13:29-07:00
150,status,draft,approved,07011-001,Lenovo,approved,Jim (IT Director) Tran,2011-07-12T13:13:38-07:00
153,status,draft,approved,070111-004,CDW,approved,Bob (VP Procurement) Jenkins,2011-08-31T20:29:40-07:00
154,status,N/A,new,083111-001,Polycom,approved,Monica Brady,2011-08-31T20:32:09-07:00
154,status,new,draft,083111-001,Polycom,approved,Monica Brady,2011-08-31T20:32:09-07:00
154,status,draft,approved,083111-001,Polycom,approved,Bob (VP Procurement) Jenkins,2011-08-31T20:33:40-07:00
155,status,N/A,new,083111-001,Lenovo,approved,Monica Brady,2011-08-31T20:34:37-07:00
155,status,new,draft,083111-001,Lenovo,approved,Monica Brady,2011-08-31T20:35:10-07:00
155,status,draft,approved,083111-001,Lenovo,approved,Monica Brady,2011-08-31T20:37:12-07:00
156,status,N/A,new,083111-001,CDW,approved,Monica Brady,2011-08-31T20:41:25-07:00
156,status,new,draft,083111-001,CDW,approved,Monica Brady,2011-08-31T20:41:26-07:00
156,status,draft,approved,083111-001,CDW,approved,Bob (VP Procurement) Jenkins,2011-08-31T20:42:39-07:00
158,status,N/A,new,081511-001,TIC Services,approved,Monica Brady,2011-09-30T12:20:55-07:00
158,status,new,draft,081511-001,TIC Services,approved,Monica Brady,2011-09-30T12:20:55-07:00
158,status,draft,on_hold,081511-001,TIC Services,approved,Jim (IT Director) Tran,2011-09-30T12:22:01-07:00
158,status,draft,on_hold,081511-001,TIC Services,approved,Monica Brady,2011-09-30T12:24:05-07:00
158,status,on_hold,approved,081511-001,TIC Services,approved,Victor (CFO) Pierre,2011-09-30T12:25:58-07:00
159,status,N/A,new,102211-001,Lenovo,approved,Monica Brady,2011-10-31T19:21:45-07:00
159,status,new,draft,102211-001,Lenovo,approved,Monica Brady,2011-10-31T19:22:18-07:00
160,status,N/A,new,102411-003,Lenovo,approved,Monica Brady,2011-10-31T19:23:19-07:00
160,status,new,draft,102411-003,Lenovo,approved,Monica Brady,2011-10-31T19:23:41-07:00
159,status,draft,approved,102211-001,Lenovo,approved,Jim (IT Director) Tran,2011-10-31T19:32:18-07:00
160,status,draft,approved,102411-003,Lenovo,approved,Jim (IT Director) Tran,2011-10-31T19:37:20-07:00
161,status,N/A,new,102611-001,Polycom,approved,Monica Brady,2011-10-31T19:40:25-07:00
161,status,new,draft,102611-001,Polycom,approved,Monica Brady,2011-10-31T19:40:46-07:00
161,status,draft,approved,102611-001,Polycom,approved,Bob (VP Procurement) Jenkins,2011-10-31T19:42:10-07:00
162,status,N/A,new,103111-001,CDW,approved,Monica Brady,2011-10-31T19:44:25-07:00
162,status,new,draft,103111-001,CDW,approved,Monica Brady,2011-10-31T19:44:44-07:00
162,status,draft,approved,103111-001,CDW,approved,Monica Brady,2011-10-31T19:45:46-07:00
163,status,N/A,new,110111-001,Metro Gateway Center,approved,Monica Brady,2011-11-01T08:21:37-07:00
163,status,new,draft,110111-001,Metro Gateway Center,approved,Monica Brady,2011-11-01T08:21:37-07:00
163,status,draft,approved,110111-001,Metro Gateway Center,approved,Monica Brady,2011-11-01T08:22:03-07:00
164,status,N/A,new,110111-002,Amazon.com,approved,Monica Brady,2011-11-01T08:22:57-07:00
164,status,new,draft,110111-002,Amazon.com,approved,Monica Brady,2011-11-01T08:22:57-07:00
164,status,draft,approved,110111-002,Amazon.com,approved,Monica Brady,2011-11-01T08:23:18-07:00
165,status,N/A,new,110111-003,Google,approved,Monica Brady,2011-11-01T08:23:58-07:00
165,status,new,draft,110111-003,Google,approved,Monica Brady,2011-11-01T08:23:58-07:00
165,status,draft,approved,110111-003,Google,approved,Monica Brady,2011-11-01T08:24:15-07:00
166,status,N/A,new,110111-010,Omniture Marketing Services,approved,Monica Brady,2011-11-01T08:24:36-07:00
166,status,new,draft,110111-010,Omniture Marketing Services,approved,Monica Brady,2011-11-01T08:24:36-07:00
166,status,draft,approved,110111-010,Omniture Marketing Services,approved,Monica Brady,2011-11-01T08:24:46-07:00
167,status,N/A,new,110111-020,3rd Party Marketing Firm,approved,Monica Brady,2011-11-01T08:25:12-07:00
167,status,new,draft,110111-020,3rd Party Marketing Firm,approved,Monica Brady,2011-11-01T08:25:12-07:00
167,status,draft,approved,110111-020,3rd Party Marketing Firm,approved,Monica Brady,2011-11-01T08:25:41-07:00
168,status,N/A,new,041412-001,Omniture Marketing Services,approved,Monica Brady,2012-04-15T09:52:32-07:00
168,status,draft,on_hold,041412-001,Omniture Marketing Services,approved,Monica Brady,2012-04-15T09:53:53-07:00
168,status,on_hold,approved,041412-001,Omniture Marketing Services,approved,Anna (AP Director) Manning,2012-04-15T09:55:07-07:00
169,status,N/A,new,041412-002,Omniture Marketing Services,approved,Monica Brady,2012-04-15T09:55:43-07:00
169,status,draft,on_hold,041412-002,Omniture Marketing Services,approved,Monica Brady,2012-04-15T09:56:40-07:00
169,status,on_dispute,approved,041412-002,Omniture Marketing Services,approved,Anna (AP Director) Manning,2012-04-15T09:57:12-07:00
170,status,N/A,new,8765438,Grainger,approved,Coupa Support,2012-11-07T12:54:04-08:00
170,status,new,draft,8765438,Grainger,approved,Coupa Support,2012-11-07T12:54:04-08:00
170,status,draft,approved,8765438,Grainger,approved,Coupa Support,2012-11-07T12:54:18-08:00
171,status,N/A,new,145533,Grainger,approved,Kevin Rhine,2012-11-07T12:58:54-08:00
171,status,new,draft,145533,Grainger,approved,Kevin Rhine,2012-11-07T12:58:54-08:00
171,status,draft,on_hold,145533,Grainger,approved,Kevin Rhine,2012-11-07T12:59:23-08:00
171,status,on_hold,approved,145533,Grainger,approved,Kevin Rhine,2012-11-07T12:59:29-08:00
172,status,N/A,new,9134,A1 Property Maintenance,approved,Kevin Rhine,2012-11-07T13:03:10-08:00
172,status,new,draft,9134,A1 Property Maintenance,approved,Kevin Rhine,2012-11-07T13:03:10-08:00
172,status,draft,approved,9134,A1 Property Maintenance,approved,Kevin Rhine,2012-11-07T13:03:21-08:00
173,status,N/A,new,128765,Aberdeen Group,approved,Coupa Support,2012-11-07T13:08:51-08:00
173,status,new,draft,128765,Aberdeen Group,approved,Coupa Support,2012-11-07T13:08:51-08:00
173,status,draft,approved,128765,Aberdeen Group,approved,Coupa Support,2012-11-07T13:09:01-08:00
174,status,N/A,new,DEL-3321,Deloitte,approved,Zach Bowan,2013-05-23T08:33:30-07:00
174,status,new,draft,DEL-3321,Deloitte,approved,Zach Bowan,2013-05-23T08:33:30-07:00
174,status,draft,approved,DEL-3321,Deloitte,approved,Zach Bowan,2013-05-23T08:33:42-07:00
175,status,N/A,new,LEN-33234,Lenovo,approved,Zach Bowan,2013-05-23T08:33:59-07:00
175,status,new,draft,LEN-33234,Lenovo,approved,Zach Bowan,2013-05-23T08:34:00-07:00
175,status,draft,approved,LEN-33234,Lenovo,approved,Zach Bowan,2013-05-23T08:34:09-07:00
176,status,N/A,new,APL-35676,Apple,approved,Zach Bowan,2013-05-23T08:34:23-07:00
176,status,new,draft,APL-35676,Apple,approved,Zach Bowan,2013-05-23T08:34:23-07:00
176,status,draft,approved,APL-35676,Apple,approved,Zach Bowan,2013-05-23T08:34:33-07:00
76,status,draft,on_hold,INV0001-5433,Grainger,pending_approval,Coupa Support,2013-08-19T17:29:36-07:00
177,status,N/A,new,12932,Citrix,approved,Coupa Support,2013-08-19T17:30:50-07:00
177,status,draft,on_hold,12932,Citrix,approved,Coupa Support,2013-08-19T17:32:12-07:00
177,status,on_hold,withdrawn,12932,Citrix,approved,Coupa Support,2013-08-19T17:34:17-07:00
177,status,new,draft,12932,Citrix,approved,Coupa Support,2013-08-19T17:34:17-07:00
177,status,draft,on_hold,12932,Citrix,approved,Coupa Support,2013-08-19T17:35:12-07:00
177,status,on_hold,approved,12932,Citrix,approved,Coupa Support,2013-08-19T17:35:30-07:00
178,status,N/A,new,,RightScale,new,Coupa Support,2013-08-23T13:58:34-07:00
179,status,N/A,approved,6532000,Metro Gateway Center,approved,Bob (VP Procurement) Jenkins,2014-04-21T15:02:15-07:00
186,status,draft,on_hold,34677,Metro Gateway Center,approved,Anna (AP Director) Manning,2014-04-21T15:33:35-07:00
185,status,draft,on_hold,234399,Metro Gateway Center,approved,Anna (AP Director) Manning,2014-04-23T12:42:44-07:00
185,status,on_hold,approved,234399,Metro Gateway Center,approved,Anna (AP Director) Manning,2014-04-23T12:43:16-07:00
182,status,on_hold,approved,34236776,Cheung Catering,approved,Anna (AP Director) Manning,2014-04-23T12:44:12-07:00
188,status,on_hold,approved,3430001,Dell Computers,approved,Victor (CFO) Pierre,2014-04-23T12:52:35-07:00
186,status,on_hold,approved,34677,Metro Gateway Center,approved,Bob (VP Procurement) Jenkins,2014-04-25T16:57:23-07:00
4,status,on_hold,approved,1,Apple One Temp Labor,approved,Coupa Support,2015-03-24T02:18:05-07:00
189,status,new,on_hold,LineLevel,Dell Computers,approved,Coupa Support,2015-05-11T04:57:39-07:00
189,status,on_hold,approved,LineLevel,Dell Computers,approved,Coupa Support,2015-05-11T05:01:00-07:00
190,status,new,on_hold,Invoice_1430919172,Dell Computers,approved,Coupa Support,2015-05-11T05:18:02-07:00
190,status,on_hold,approved,Invoice_1430919172,Dell Computers,approved,Coupa Support,2015-05-11T05:19:28-07:00
191,status,new,on_hold,Invoice_1430920448,Dell Computers,on_hold,Coupa Support,2015-05-11T05:25:54-07:00
192,status,new,on_hold,Invoice_14309204481,Dell Computers,on_hold,Coupa Support,2015-05-11T05:25:59-07:00
193,status,new,on_hold,Invoice_14309204482,Dell Computers,on_hold,Coupa Support,2015-05-11T05:26:04-07:00
194,status,new,on_hold,Invoice_14309204483,Dell Computers,on_hold,Coupa Support,2015-05-11T05:26:09-07:00
195,status,new,on_hold,Invoice_14309204484,Dell Computers,on_hold,Coupa Support,2015-05-11T05:26:14-07:00
196,status,new,on_hold,Invoice_14309204485,Dell Computers,on_hold,Coupa Support,2015-05-11T05:26:19-07:00
197,status,new,on_hold,Invoice_14309204486,Dell Computers,on_hold,Coupa Support,2015-05-11T05:26:23-07:00
198,status,new,on_hold,Invoice_14309204487,Dell Computers,on_hold,Coupa Support,2015-05-11T05:26:27-07:00
199,status,new,on_hold,Invoice_14309204488,Dell Computers,on_hold,Coupa Support,2015-05-11T05:26:32-07:00
200,status,new,on_hold,Invoice_14309204489,Dell Computers,on_hold,Coupa Support,2015-05-11T05:26:36-07:00
201,status,new,on_hold,Invoice_143092044810,Dell Computers,on_hold,Coupa Support,2015-05-11T05:26:40-07:00
202,status,new,on_hold,Invoice_143092044811,Dell Computers,on_hold,Coupa Support,2015-05-11T05:26:48-07:00
203,status,new,on_hold,Invoice_143092044812,Dell Computers,on_hold,Coupa Support,2015-05-11T05:26:58-07:00
204,status,new,on_hold,Invoice_143092044813,Dell Computers,on_hold,Coupa Support,2015-05-11T05:27:08-07:00
205,status,new,on_hold,Invoice_143092044814,Dell Computers,on_hold,Coupa Support,2015-05-11T05:27:21-07:00
206,status,new,on_hold,Invoice_143092044815,Dell Computers,on_hold,Coupa Support,2015-05-11T05:27:32-07:00
207,status,new,on_hold,Invoice_143092044816,Dell Computers,on_hold,Coupa Support,2015-05-11T05:27:43-07:00
208,status,new,on_hold,Invoice_143092044817,Dell Computers,on_hold,Coupa Support,2015-05-11T05:27:53-07:00
209,status,new,on_hold,Invoice_143092044818,Dell Computers,on_hold,Coupa Support,2015-05-11T05:28:03-07:00
210,status,new,on_hold,Invoice_143092044819,Dell Computers,on_hold,Coupa Support,2015-05-11T05:28:12-07:00
211,status,new,on_hold,Invoice_143092044820,Dell Computers,on_hold,Coupa Support,2015-05-11T05:28:22-07:00
212,status,new,on_hold,Invoice_143092044821,Dell Computers,on_hold,Coupa Support,2015-05-11T05:28:29-07:00
213,status,new,on_hold,Invoice_143092044822,Dell Computers,on_hold,Coupa Support,2015-05-11T05:28:33-07:00
214,status,new,on_hold,Invoice_143092044823,Dell Computers,on_hold,Coupa Support,2015-05-11T05:28:37-07:00
215,status,new,on_hold,Invoice_143092044824,Dell Computers,on_hold,Coupa Support,2015-05-11T05:28:41-07:00
216,status,new,on_hold,Invoice_143092044825,Dell Computers,on_hold,Coupa Support,2015-05-11T05:28:46-07:00
217,status,new,on_hold,Invoice_143092044826,Dell Computers,on_hold,Coupa Support,2015-05-11T05:28:50-07:00
218,status,new,on_hold,Invoice_143092044827,Dell Computers,on_hold,Coupa Support,2015-05-11T05:28:55-07:00
219,status,new,on_hold,Invoice_143092044828,Dell Computers,on_hold,Coupa Support,2015-05-11T05:28:59-07:00
220,status,new,on_hold,Invoice_143092044829,Dell Computers,on_hold,Coupa Support,2015-05-11T05:29:04-07:00
221,status,new,on_hold,Invoice_143092044830,Dell Computers,on_hold,Coupa Support,2015-05-11T05:29:08-07:00
222,status,new,on_hold,Invoice_143092044831,Dell Computers,on_hold,Coupa Support,2015-05-11T05:29:13-07:00
223,status,new,on_hold,Invoice_143092044832,Dell Computers,on_hold,Coupa Support,2015-05-11T05:29:18-07:00
224,status,new,on_hold,Invoice_143092044833,Dell Computers,on_hold,Coupa Support,2015-05-11T05:29:22-07:00
225,status,new,on_hold,Invoice_143092044834,Dell Computers,on_hold,Coupa Support,2015-05-11T05:29:27-07:00
226,status,new,on_hold,Invoice_143092044835,Dell Computers,on_hold,Coupa Support,2015-05-11T05:29:31-07:00
227,status,new,on_hold,Invoice_143092044836,Dell Computers,on_hold,Coupa Support,2015-05-11T05:29:36-07:00
228,status,new,on_hold,Invoice_143092044837,Dell Computers,on_hold,Coupa Support,2015-05-11T05:29:41-07:00
229,status,new,on_hold,Invoice_143092044838,Dell Computers,on_hold,Coupa Support,2015-05-11T05:29:46-07:00
230,status,new,on_hold,Invoice_143092044839,Dell Computers,on_hold,Coupa Support,2015-05-11T05:29:51-07:00
231,status,new,on_hold,Invoice_143092044840,Dell Computers,on_hold,Coupa Support,2015-05-11T05:29:56-07:00
232,status,new,on_hold,Invoice_143092044841,Dell Computers,on_hold,Coupa Support,2015-05-11T05:30:00-07:00
233,status,new,on_hold,Invoice_143092044842,Dell Computers,on_hold,Coupa Support,2015-05-11T05:30:21-07:00
234,status,new,on_hold,Invoice_143092044843,Dell Computers,on_hold,Coupa Support,2015-05-11T05:30:46-07:00
235,status,new,on_hold,Invoice_143092044844,Dell Computers,on_hold,Coupa Support,2015-05-11T05:31:10-07:00
236,status,new,on_hold,Invoice_143092044845,Dell Computers,on_hold,Coupa Support,2015-05-11T05:31:34-07:00
237,status,new,on_hold,Invoice_143092044846,Dell Computers,on_hold,Coupa Support,2015-05-11T05:31:58-07:00
238,status,new,on_hold,Invoice_143092044847,Dell Computers,on_hold,Coupa Support,2015-05-11T05:32:26-07:00
239,status,new,on_hold,Invoice_143092044848,Dell Computers,on_hold,Coupa Support,2015-05-11T05:32:49-07:00
240,status,new,on_hold,Invoice_143092044849,Dell Computers,on_hold,Coupa Support,2015-05-11T05:33:02-07:00
241,status,new,on_hold,Invoice_143092044850,Dell Computers,on_hold,Coupa Support,2015-05-11T05:33:16-07:00
242,status,new,on_hold,Invoice_143092044851,Dell Computers,on_hold,Coupa Support,2015-05-11T05:33:29-07:00
243,status,new,on_hold,Invoice_143092044852,Dell Computers,on_hold,Coupa Support,2015-05-11T05:33:42-07:00
244,status,new,on_hold,Invoice_143092044853,Dell Computers,on_hold,Coupa Support,2015-05-11T05:33:54-07:00
245,status,new,on_hold,Invoice_143092044854,Dell Computers,on_hold,Coupa Support,2015-05-11T05:34:06-07:00
246,status,new,on_hold,Invoice_143092044855,Dell Computers,on_hold,Coupa Support,2015-05-11T05:34:18-07:00
247,status,new,on_hold,Invoice_143092044856,Dell Computers,on_hold,Coupa Support,2015-05-11T05:34:28-07:00
248,status,new,on_hold,Invoice_143092044857,Dell Computers,on_hold,Coupa Support,2015-05-11T05:34:39-07:00
249,status,new,on_hold,Invoice_143092044858,Dell Computers,on_hold,Coupa Support,2015-05-11T05:34:48-07:00
250,status,new,on_hold,Invoice_143092044859,Dell Computers,on_hold,Coupa Support,2015-05-11T05:34:58-07:00
251,status,new,on_hold,Invoice_143092044860,Dell Computers,on_hold,Coupa Support,2015-05-11T05:35:08-07:00
252,status,new,on_hold,Invoice_143092044861,Dell Computers,on_hold,Coupa Support,2015-05-11T05:35:18-07:00
253,status,new,on_hold,Invoice_143092044862,Dell Computers,on_hold,Coupa Support,2015-05-11T05:35:26-07:00
254,status,new,on_hold,Invoice_143092044863,Dell Computers,on_hold,Coupa Support,2015-05-11T05:35:33-07:00
255,status,new,on_hold,Invoice_143092044864,Dell Computers,on_hold,Coupa Support,2015-05-11T05:35:39-07:00
256,status,new,on_hold,Invoice_143092044865,Dell Computers,on_hold,Coupa Support,2015-05-11T05:35:46-07:00
257,status,new,on_hold,Invoice_143092044866,Dell Computers,on_hold,Coupa Support,2015-05-11T05:35:52-07:00
258,status,new,on_hold,Invoice_143092044867,Dell Computers,on_hold,Coupa Support,2015-05-11T05:35:58-07:00
259,status,new,on_hold,Invoice_143092044868,Dell Computers,on_hold,Coupa Support,2015-05-11T05:36:05-07:00
260,status,new,on_hold,Invoice_143092044869,Dell Computers,on_hold,Coupa Support,2015-05-11T05:36:16-07:00
261,status,new,on_hold,Invoice_143092044870,Dell Computers,approved,Coupa Support,2015-05-11T05:36:26-07:00
262,status,new,on_hold,Invoice_143092044871,Dell Computers,on_hold,Coupa Support,2015-05-11T05:36:35-07:00
263,status,new,on_hold,Invoice_143092044872,Dell Computers,on_hold,Coupa Support,2015-05-11T05:36:44-07:00
264,status,new,on_hold,Invoice_143092044873,Dell Computers,on_hold,Coupa Support,2015-05-11T05:36:52-07:00
265,status,new,on_hold,Invoice_143092044874,Dell Computers,on_hold,Coupa Support,2015-05-11T05:36:58-07:00
266,status,new,on_hold,Invoice_143092044876,Dell Computers,on_hold,Coupa Support,2015-05-11T05:37:04-07:00
267,status,new,on_hold,Invoice_143092044877,Dell Computers,on_hold,Coupa Support,2015-05-11T05:37:09-07:00
268,status,new,on_hold,Invoice_143092044878,Dell Computers,on_hold,Coupa Support,2015-05-11T05:37:14-07:00
269,status,new,on_hold,Invoice_143092044879,Dell Computers,on_hold,Coupa Support,2015-05-11T05:37:19-07:00
270,status,new,on_hold,Invoice_143092044880,Dell Computers,on_hold,Coupa Support,2015-05-11T05:37:24-07:00
271,status,new,on_hold,Invoice_143092044881,Dell Computers,on_hold,Coupa Support,2015-05-11T05:37:30-07:00
272,status,new,on_hold,Invoice_143092044882,Dell Computers,on_hold,Coupa Support,2015-05-11T05:37:35-07:00
273,status,new,on_hold,Invoice_143092044883,Dell Computers,on_hold,Coupa Support,2015-05-11T05:37:40-07:00
274,status,new,on_hold,Invoice_143092044884,Dell Computers,on_hold,Coupa Support,2015-05-11T05:37:45-07:00
275,status,new,on_hold,Invoice_143092044885,Dell Computers,on_hold,Coupa Support,2015-05-11T05:37:50-07:00
276,status,new,on_hold,Invoice_143092044886,Dell Computers,on_hold,Coupa Support,2015-05-11T05:37:55-07:00
277,status,new,on_hold,Invoice_143092044887,Dell Computers,on_hold,Coupa Support,2015-05-11T05:38:00-07:00
278,status,new,on_hold,Invoice_143092044888,Dell Computers,on_hold,Coupa Support,2015-05-11T05:38:06-07:00
279,status,new,on_hold,Invoice_143092044889,Dell Computers,on_hold,Coupa Support,2015-05-11T05:38:12-07:00
280,status,new,on_hold,Invoice_143092044890,Dell Computers,on_hold,Coupa Support,2015-05-11T05:38:18-07:00
281,status,new,on_hold,Invoice_143092044891,Dell Computers,on_hold,Coupa Support,2015-05-11T05:38:23-07:00
282,status,new,on_hold,Invoice_143092044892,Dell Computers,on_hold,Coupa Support,2015-05-11T05:38:28-07:00
283,status,new,on_hold,Invoice_143092044893,Dell Computers,on_hold,Coupa Support,2015-05-11T05:38:34-07:00
284,status,new,on_hold,Invoice_143092044894,Dell Computers,on_hold,Coupa Support,2015-05-11T05:38:39-07:00
285,status,new,on_hold,Invoice_143092044895,Dell Computers,on_hold,Coupa Support,2015-05-11T05:38:44-07:00
286,status,new,on_hold,Invoice_143092044896,Dell Computers,on_hold,Coupa Support,2015-05-11T05:38:49-07:00
287,status,new,on_hold,Invoice_143092044897,Dell Computers,on_hold,Coupa Support,2015-05-11T05:38:54-07:00
288,status,new,on_hold,Invoice_143092044898,Dell Computers,on_hold,Coupa Support,2015-05-11T05:38:59-07:00
289,status,new,on_hold,Invoice_143092044899,Dell Computers,on_hold,Coupa Support,2015-05-11T05:39:05-07:00
290,status,new,on_hold,Invoice_1430920448100,Dell Computers,on_hold,Coupa Support,2015-05-11T05:39:13-07:00
291,status,new,on_hold,Invoice_1430920448101,Dell Computers,on_hold,Coupa Support,2015-05-11T05:39:22-07:00
292,status,new,on_hold,Invoice_1430920448102,Dell Computers,on_hold,Coupa Support,2015-05-11T05:39:29-07:00
293,status,new,on_hold,Invoice_1430920448103,Dell Computers,approved,Coupa Support,2015-05-11T05:39:34-07:00
184,status,pending_receipt,approved,1053223,Metro Gateway Center,approved,Coupa Support,2015-06-24T00:50:54-07:00
294,status,new,on_hold,100PLS_LINES,Dell Computers,approved,Coupa Support,2015-06-24T02:25:33-07:00
294,status,on_hold,approved,100PLS_LINES,Dell Computers,approved,Coupa Support,2015-06-24T02:26:14-07:00
23,status,pending_receipt,approved,89,CDW,approved,Coupa Support,2015-06-24T02:38:30-07:00
5,status,draft,approved,1234,Insight,approved,Coupa Support,2015-08-05T07:07:03-07:00
293,status,on_hold,approved,Invoice_1430920448103,Dell Computers,approved,Coupa Support,2015-09-08T01:57:16-07:00
81,status,pending_receipt,approved,99j4h481,Bio-Rad Laboratories,approved,Coupa Support,2016-03-17T01:36:01-07:00
97,status,pending_receipt,approved,23212,Lenovo,approved,Coupa Support,2016-03-17T01:37:17-07:00
295,status,new,draft,INV_1458204640,CoupaTester,processing,,2016-03-17T01:48:44-07:00
295,status,draft,processing,INV_1458204640,CoupaTester,processing,,2016-03-17T01:48:45-07:00
296,status,new,draft,INV_1458204732,CoupaTester,processing,,2016-03-17T01:50:16-07:00
296,status,draft,processing,INV_1458204732,CoupaTester,processing,,2016-03-17T01:50:16-07:00
297,status,new,draft,INV_1458204797,CoupaTester,processing,,2016-03-17T01:51:22-07:00
297,status,draft,processing,INV_1458204797,CoupaTester,processing,,2016-03-17T01:51:42-07:00
298,status,new,draft,INV_1458206888,Supplier_1438782671 (CSN_Supplier_1438782671),approved,,2016-03-17T02:26:12-07:00
298,status,draft,approved,INV_1458206888,Supplier_1438782671 (CSN_Supplier_1438782671),approved,,2016-03-17T02:26:13-07:00
299,status,new,draft,INV_1458206954,Supplier_1438782671 (CSN_Supplier_1438782671),on_hold,,2016-03-17T02:27:18-07:00
299,status,draft,on_hold,INV_1458206954,Supplier_1438782671 (CSN_Supplier_1438782671),on_hold,,2016-03-17T02:27:37-07:00
300,status,new,draft,INV_1458207711,Supplier_1438782671 (CSN_Supplier_1438782671),approved,,2016-03-17T02:39:56-07:00
300,status,draft,approved,INV_1458207711,Supplier_1438782671 (CSN_Supplier_1438782671),approved,,2016-03-17T02:39:57-07:00
301,status,new,draft,INV_1458207778,Supplier_1438782671 (CSN_Supplier_1438782671),on_hold,,2016-03-17T02:41:02-07:00
301,status,draft,on_hold,INV_1458207778,Supplier_1438782671 (CSN_Supplier_1438782671),on_hold,,2016-03-17T02:41:03-07:00
302,status,new,draft,INV_1458209558,Supplier_1438782671 (CSN_Supplier_1438782671),approved,,2016-03-17T03:10:43-07:00
302,status,draft,approved,INV_1458209558,Supplier_1438782671 (CSN_Supplier_1438782671),approved,,2016-03-17T03:10:44-07:00
303,status,new,draft,INV_1458209627,Supplier_1438782671 (CSN_Supplier_1438782671),on_hold,,2016-03-17T03:11:51-07:00
303,status,draft,on_hold,INV_1458209627,Supplier_1438782671 (CSN_Supplier_1438782671),on_hold,,2016-03-17T03:11:52-07:00
304,status,new,draft,INV_1458209973,CoupaTester,processing,,2016-03-17T03:17:38-07:00
304,status,draft,processing,INV_1458209973,CoupaTester,processing,,2016-03-17T03:17:38-07:00
305,status,new,draft,asdfsadf,Aberdeen Group,approved,Kuppusamy Sekaran,2019-05-31T00:31:09-07:00
305,status,draft,approved,asdfsadf,Aberdeen Group,approved,Kuppusamy Sekaran,2019-05-31T00:31:22-07:00
306,status,new,draft,mks983,Aberdeen Group,approved,Kuppusamy Sekaran,2019-05-31T00:31:40-07:00
306,status,draft,approved,mks983,Aberdeen Group,approved,Kuppusamy Sekaran,2019-05-31T00:31:59-07:00
307,status,new,draft,smsksjs,Aston Hotels,approved,Kuppusamy Sekaran,2019-05-31T00:32:21-07:00
307,status,draft,approved,smsksjs,Aston Hotels,approved,Kuppusamy Sekaran,2019-05-31T00:32:34-07:00
308,status,new,draft,jakakak,Aston Hotels,approved,Kuppusamy Sekaran,2019-05-31T00:35:03-07:00
308,status,draft,approved,jakakak,Aston Hotels,approved,Kuppusamy Sekaran,2019-05-31T00:35:18-07:00
309,status,new,draft,addfadsf,Aston Hotels,approved,Kuppusamy Sekaran,2019-05-31T00:36:08-07:00
309,status,draft,approved,addfadsf,Aston Hotels,approved,Kuppusamy Sekaran,2019-05-31T00:36:17-07:00
316,status,new,approved,Invoice_1561967817,CoupaTester,approved,API API,2019-07-12T02:07:23-07:00
318,status,new,approved,q5 - do not approve,CoupaTester,approved,GregNonAdmin NonAdmin,2019-07-12T08:22:49-07:00
319,status,new,on_hold,q6,AUS 2,pending_approval,Alex Schwartzman,2019-07-12T12:39:11-07:00
319,status,on_hold,pending_approval,q6,AUS 2,pending_approval,Alex Schwartzman,2019-07-12T12:39:43-07:00
320,status,new,on_hold,TDI-001,TD Inc,approved,Tim Durkin,2019-07-14T07:27:16-07:00
320,status,on_hold,pending_approval,TDI-001,TD Inc,approved,Tim Durkin,2019-07-14T07:27:26-07:00
320,status,pending_approval,approved,TDI-001,TD Inc,approved,Tim Durkin,2019-07-14T07:27:27-07:00
180,status,pending_receipt,approved,3421666,Metro Gateway Center,approved,Tim Durkin,2019-07-14T08:10:41-07:00
78,status,pending_receipt,approved,0009123-54,Omniture Marketing Services,approved,Tim Durkin,2019-07-14T08:11:35-07:00
321,status,new,approved,Invoice_1531247906,CoupaTester,approved,API API,2019-07-14T21:28:27-07:00
322,status,new,draft,tarun-invoice,Dell Computers,draft,Dell Computers Invoicing,2019-07-14T21:34:27-07:00
323,status,new,draft,tarun-invoice,Dell Computers,draft,Dell Computers Invoicing,2019-07-14T21:56:49-07:00
324,status,new,draft,2861,Dell Computers,draft,Dell Computers Invoicing,2019-07-14T22:08:29-07:00
325,status,new,on_hold,INV_Kafka,SUP_IS_Kafka,pending_approval,Prameela Reddy,2019-07-14T23:12:25-07:00
325,status,on_hold,pending_approval,INV_Kafka,SUP_IS_Kafka,pending_approval,Prameela Reddy,2019-07-14T23:12:33-07:00
326,status,new,draft,v_inv_in_01,v_r25_ie,on_hold,v_r25_ie v_r25_ie,2019-07-14T23:20:33-07:00
326,status,draft,processing,v_inv_in_01,v_r25_ie,on_hold,v_r25_ie v_r25_ie,2019-07-14T23:21:25-07:00
326,status,processing,on_hold,v_inv_in_01,v_r25_ie,on_hold,,2019-07-14T23:23:09-07:00
327,status,new,draft,inijuyui,v_r25_ie,on_hold,v_r25_ie v_r25_ie,2019-07-14T23:33:08-07:00
327,status,draft,processing,inijuyui,v_r25_ie,on_hold,v_r25_ie v_r25_ie,2019-07-14T23:33:28-07:00
327,status,processing,on_hold,inijuyui,v_r25_ie,on_hold,,2019-07-14T23:35:19-07:00
329,status,new,draft,Test_popup_1,E2E_CSPSupplier,on_hold,E2E_CSPSupplier Aswini,2019-07-14T23:48:48-07:00
329,status,draft,on_hold,Test_popup_1,E2E_CSPSupplier,on_hold,E2E_CSPSupplier Aswini,2019-07-14T23:51:00-07:00
330,status,new,draft,sadasd,v_r25_ie,approved,v_r25_ie v_r25_ie,2019-07-15T00:10:18-07:00
332,status,new,on_hold,INV_aws,SUP_aws,on_hold,Prameela Reddy,2019-07-15T00:10:22-07:00
330,status,draft,processing,sadasd,v_r25_ie,approved,v_r25_ie v_r25_ie,2019-07-15T00:10:42-07:00
330,status,processing,approved,sadasd,v_r25_ie,approved,,2019-07-15T00:11:15-07:00
333,status,new,on_hold,Test_popup_2,E2E_CSPSupplier,on_hold,E2E_CSPSupplier Aswini,2019-07-15T00:11:48-07:00
334,status,new,on_hold,INV_aws_sftp,SUP_aws,on_hold,API API,2019-07-15T00:22:26-07:00
335,status,new,approved,INV_aws_po_sftp,SUP_aws,approved,API API,2019-07-15T00:31:26-07:00
338,status,new,on_hold,INV-REG-5,Supplier_NS,on_hold,Neetal Sharma,2019-07-15T01:09:24-07:00
339,status,new,approved,Invoice_1563180658,CoupaTester,approved,API API,2019-07-15T01:55:28-07:00
341,status,new,draft,cxml PO backed inv,dm25-supp,approved,dm25-supp Invoicing,2019-07-15T02:33:26-07:00
341,status,draft,processing,cxml PO backed inv,dm25-supp,approved,dm25-supp Invoicing,2019-07-15T02:33:28-07:00
341,status,processing,approved,cxml PO backed inv,dm25-supp,approved,,2019-07-15T02:34:07-07:00
350,status,new,on_hold,q7,AUS 2,pending_approval,GregNonAdmin NonAdmin,2019-07-15T08:06:02-07:00
350,status,on_hold,pending_approval,q7,AUS 2,pending_approval,GregNonAdmin NonAdmin,2019-07-15T08:06:37-07:00
351,status,new,draft,,v_r25_ie,draft,v_r25_ie v_r25_ie,2019-07-15T10:09:58-07:00
353,status,new,draft,adsfsdfsdf,v_r25_ie,draft,v_r25_ie v_r25_ie,2019-07-15T10:23:44-07:00
355,status,new,draft,71519_001,Aussie Supply,on_hold,David Larsen,2019-07-15T10:24:00-07:00
355,status,draft,on_hold,71519_001,Aussie Supply,on_hold,David Larsen,2019-07-15T10:26:06-07:00
356,status,new,draft,,v_r25_ie,draft,v_r25_ie v_r25_ie,2019-07-15T10:27:18-07:00
357,status,new,draft,71519_002,Aussie Supply,on_hold,David Larsen,2019-07-15T10:28:06-07:00
357,status,draft,on_hold,71519_002,Aussie Supply,on_hold,David Larsen,2019-07-15T10:30:47-07:00
358,status,new,draft,in1234,v_r25_ie,on_hold,v_r25_ie v_r25_ie,2019-07-15T10:31:02-07:00
360,status,new,draft,71519_003,Aussie Supply,on_hold,David Larsen,2019-07-15T10:32:33-07:00
358,status,draft,processing,in1234,v_r25_ie,on_hold,v_r25_ie v_r25_ie,2019-07-15T10:34:27-07:00
360,status,draft,on_hold,71519_003,Aussie Supply,on_hold,David Larsen,2019-07-15T10:34:51-07:00
358,status,processing,on_hold,in1234,v_r25_ie,on_hold,,2019-07-15T10:36:31-07:00
361,status,new,draft,,Tim Cook,draft,Aakash Sotta,2019-07-15T10:38:09-07:00
363,status,new,draft,71519_004,Aussie Supply,on_hold,David Larsen,2019-07-15T10:46:48-07:00
363,status,draft,on_hold,71519_004,Aussie Supply,on_hold,David Larsen,2019-07-15T10:47:32-07:00
364,status,new,draft,71519_005,Aussie Supply,on_hold,David Larsen,2019-07-15T10:49:28-07:00
364,status,draft,on_hold,71519_005,Aussie Supply,on_hold,David Larsen,2019-07-15T10:50:05-07:00
367,status,new,draft,,v_r25_ie,draft,v_r25_ie v_r25_ie,2019-07-15T10:54:01-07:00
368,status,new,draft,in_asdfaf,v_r25_ie,draft,v_r25_ie v_r25_ie,2019-07-15T11:09:20-07:00
369,status,new,draft,RKT09,Grainger,approved,Rahul Mehta,2019-07-15T11:26:23-07:00
369,status,draft,approved,RKT09,Grainger,approved,Rahul Mehta,2019-07-15T11:27:08-07:00
372,status,new,draft,RKT07,Grainger,approved,Rahul Mehta,2019-07-15T11:33:04-07:00
372,status,draft,approved,RKT07,Grainger,approved,Rahul Mehta,2019-07-15T11:33:50-07:00
373,status,new,draft,,Aussie Supply,voided,David Larsen,2019-07-15T11:44:13-07:00
373,status,draft,voided,,Aussie Supply,voided,David Larsen,2019-07-15T11:44:43-07:00
374,status,new,draft,71519_006,Aussie Supply,pending_approval,David Larsen,2019-07-15T11:46:51-07:00
374,status,draft,processing,71519_006,Aussie Supply,pending_approval,David Larsen,2019-07-15T12:04:55-07:00
374,status,processing,on_hold,71519_006,Aussie Supply,pending_approval,,2019-07-15T12:06:56-07:00
374,status,on_hold,pending_approval,71519_006,Aussie Supply,pending_approval,David Larsen,2019-07-15T12:24:49-07:00
375,status,new,draft,71519_007,Aussie Supply,on_hold,David Larsen,2019-07-15T12:25:53-07:00
375,status,draft,processing,71519_007,Aussie Supply,on_hold,David Larsen,2019-07-15T12:30:40-07:00
375,status,processing,on_hold,71519_007,Aussie Supply,on_hold,,2019-07-15T12:32:35-07:00
376,status,new,draft,71519_008,Aussie Supply,pending_approval,David Larsen,2019-07-15T12:35:08-07:00
376,status,draft,on_hold,71519_008,Aussie Supply,pending_approval,David Larsen,2019-07-15T12:36:07-07:00
376,status,on_hold,pending_approval,71519_008,Aussie Supply,pending_approval,David Larsen,2019-07-15T12:36:15-07:00
378,status,new,draft,12345,Tim Cook,ap_hold,Aakash Sotta,2019-07-15T14:23:42-07:00
378,status,draft,ap_hold,12345,Tim Cook,ap_hold,Aakash Sotta,2019-07-15T14:24:16-07:00
377,status,new,draft,71519_009,Aussie Supply,ap_hold,David Larsen,2019-07-15T15:45:57-07:00
377,status,draft,processing,71519_009,Aussie Supply,ap_hold,David Larsen,2019-07-15T15:56:48-07:00
377,status,processing,ap_hold,71519_009,Aussie Supply,ap_hold,,2019-07-15T15:57:16-07:00
388,status,new,draft,in_123,v_r25_ie,draft,v_r25_ie v_r25_ie,2019-07-15T17:04:56-07:00
390,status,new,draft,200,Devashri,approved,Dev D,2019-07-15T23:01:41-07:00
390,status,draft,approved,200,Devashri,approved,Dev D,2019-07-15T23:02:05-07:00
394,status,new,draft,CSP_CD_ 94402_01,Supplier_CD-99771_01,approved,Javed Hussain,2019-07-15T23:48:09-07:00
394,status,draft,on_hold,CSP_CD_ 94402_01,Supplier_CD-99771_01,approved,Javed Hussain,2019-07-15T23:49:01-07:00
395,status,new,on_hold,CSP_ CD_94402_CN_01,Supplier_CD-99771_01,approved,Javed Hussain,2019-07-15T23:51:09-07:00
394,status,on_hold,approved,CSP_CD_ 94402_01,Supplier_CD-99771_01,approved,Javed Hussain,2019-07-15T23:53:06-07:00
395,status,on_hold,approved,CSP_ CD_94402_CN_01,Supplier_CD-99771_01,approved,Javed Hussain,2019-07-15T23:53:38-07:00
396,status,new,draft,,v_r25_ie,draft,v_r25_ie v_r25_ie,2019-07-16T01:24:43-07:00
400,status,new,draft,RSC_INV_20190716_01,Ralph AG,on_hold,Ralph Schermann,2019-07-16T08:27:16-07:00
400,status,draft,on_hold,RSC_INV_20190716_01,Ralph AG,on_hold,Ralph Schermann,2019-07-16T08:29:13-07:00
401,status,new,draft,Supplier Editable R25,WX Supplier,approved,Wenqian Xu,2019-07-16T08:34:55-07:00
401,status,draft,approved,Supplier Editable R25,WX Supplier,approved,Wenqian Xu,2019-07-16T08:35:21-07:00
403,status,new,draft,Supplier Editable R25 02,WX Supplier,approved,Wenqian Xu,2019-07-16T08:37:51-07:00
403,status,draft,approved,Supplier Editable R25 02,WX Supplier,approved,Wenqian Xu,2019-07-16T08:38:22-07:00
404,status,new,draft,Supplier Editable 03,WX Supplier,approved,Wenqian Xu,2019-07-16T08:41:18-07:00
404,status,draft,approved,Supplier Editable 03,WX Supplier,approved,Wenqian Xu,2019-07-16T08:42:06-07:00
405,status,new,on_hold,MH Test Within Same Line 1,Office Depot,pending_approval,Michael Hsu,2019-07-16T10:40:47-07:00
405,status,on_hold,pending_approval,MH Test Within Same Line 1,Office Depot,pending_approval,Michael Hsu,2019-07-16T10:41:07-07:00
406,status,new,on_hold,MH Same Line Test 2,Office Depot,pending_approval,Michael Hsu,2019-07-16T10:43:24-07:00
406,status,on_hold,pending_approval,MH Same Line Test 2,Office Depot,pending_approval,Michael Hsu,2019-07-16T10:44:47-07:00
407,status,new,on_hold,MH Same Line Test 3,Office Depot,voided,Michael Hsu,2019-07-16T10:47:18-07:00
407,status,on_hold,pending_approval,MH Same Line Test 3,Office Depot,voided,Michael Hsu,2019-07-16T10:47:31-07:00
407,status,pending_approval,disputed,MH Same Line Test 3,Office Depot,voided,Michael Hsu,2019-07-16T10:47:48-07:00
407,status,disputed,voided,MH Same Line Test 3,Office Depot,voided,Michael Hsu,2019-07-16T10:48:06-07:00
408,status,new,on_hold,MH Same Line Test 4,Office Depot,pending_approval,Michael Hsu,2019-07-16T10:48:53-07:00
408,status,on_hold,pending_approval,MH Same Line Test 4,Office Depot,pending_approval,Michael Hsu,2019-07-16T10:49:04-07:00
409,status,new,on_hold,MH Same Line Test 5,Office Depot,on_hold,Michael Hsu,2019-07-16T10:53:02-07:00
410,status,new,on_hold,MH Same Line Test 6,Office Depot,on_hold,Michael Hsu,2019-07-16T10:56:40-07:00
412,status,new,on_hold,MH WH Test 2,Office Depot,on_hold,Michael Hsu,2019-07-16T14:02:15-07:00
417,status,new,draft,,Aussie Supply,draft,David Larsen,2019-07-16T16:24:19-07:00
418,status,new,draft,71619_090,Aussie Supply,pending_approval,David Larsen,2019-07-16T16:26:45-07:00
418,status,draft,processing,71619_090,Aussie Supply,pending_approval,David Larsen,2019-07-16T16:28:29-07:00
418,status,processing,ap_hold,71619_090,Aussie Supply,pending_approval,,2019-07-16T16:28:58-07:00
418,status,ap_hold,on_hold,71619_090,Aussie Supply,pending_approval,David Larsen,2019-07-16T16:30:30-07:00
418,status,on_hold,pending_approval,71619_090,Aussie Supply,pending_approval,David Larsen,2019-07-16T16:30:56-07:00
419,status,new,draft,,Aussie Supply,draft,David Larsen,2019-07-16T16:33:57-07:00
421,status,new,draft,,Tim Cook,draft,Supplier User,2019-07-16T17:34:09-07:00
423,status,new,draft,333,Devashri,on_hold,Dev D,2019-07-16T20:39:02-07:00
423,status,draft,on_hold,333,Devashri,on_hold,Dev D,2019-07-16T20:39:32-07:00
424,status,new,draft,INVOICE-00111,Lucius (Lucius Fox),disputed,Rohit Arolkar,2019-07-16T23:46:02-07:00
424,status,draft,disputed,INVOICE-00111,Lucius (Lucius Fox),disputed,Rohit Arolkar,2019-07-16T23:46:42-07:00
425,status,new,draft,TEST-invoice-002,Lucius (Lucius Fox),disputed,Rohit Arolkar,2019-07-16T23:49:14-07:00
425,status,draft,disputed,TEST-invoice-002,Lucius (Lucius Fox),disputed,Rohit Arolkar,2019-07-16T23:50:02-07:00
426,status,new,disputed,Invoice_proj_2,Project_2_Test,disputed,Supplier User,2019-07-17T00:53:29-07:00
427,status,new,draft,,v_r25_ie,draft,Vishakha Tapase,2019-07-17T01:29:07-07:00
428,status,new,draft,v_inv_before_can,v_r25_ie,approved,Vishakha Tapase,2019-07-17T01:32:11-07:00
429,status,new,draft,,v_r25_ie,draft,Vishakha Tapase,2019-07-17T01:40:28-07:00
428,status,draft,approved,v_inv_before_can,v_r25_ie,approved,Vishakha Tapase,2019-07-17T01:51:53-07:00
430,status,new,draft,v_po_backed_01,v_r25_ie,approved,v_r25_ie v_r25_ie,2019-07-17T02:04:31-07:00
431,status,new,draft,,v_r25_ie,draft,Vishakha Tapase,2019-07-17T02:05:48-07:00
430,status,draft,processing,v_po_backed_01,v_r25_ie,approved,v_r25_ie v_r25_ie,2019-07-17T02:08:38-07:00
430,status,processing,disputed,v_po_backed_01,v_r25_ie,approved,,2019-07-17T02:09:07-07:00
433,status,new,processing,v_cr_01,v_r25_ie,approved,v_r25_ie v_r25_ie,2019-07-17T02:19:49-07:00
430,status,disputed,approved,v_po_backed_01,v_r25_ie,approved,v_r25_ie v_r25_ie,2019-07-17T02:19:50-07:00
433,status,processing,approved,v_cr_01,v_r25_ie,approved,,2019-07-17T02:20:41-07:00
435,status,new,draft,test pick 1,Omniture Marketing Services,approved,Sunil Gautam,2019-07-17T02:23:56-07:00
435,status,draft,pending_receipt,test pick 1,Omniture Marketing Services,approved,Sunil Gautam,2019-07-17T02:32:00-07:00
436,status,new,draft,,Omniture Marketing Services,draft,Sunil Gautam,2019-07-17T02:32:18-07:00
435,status,pending_receipt,approved,test pick 1,Omniture Marketing Services,approved,Sunil Gautam,2019-07-17T02:33:03-07:00
437,status,new,draft,i_01,v_r25_ie,pending_receipt,v_r25_ie v_r25_ie,2019-07-17T02:49:13-07:00
437,status,draft,processing,i_01,v_r25_ie,pending_receipt,v_r25_ie v_r25_ie,2019-07-17T02:52:28-07:00
437,status,processing,pending_receipt,i_01,v_r25_ie,pending_receipt,,2019-07-17T02:52:58-07:00
440,status,new,draft,,v_r25_ie,draft,v_r25_ie v_r25_ie,2019-07-17T03:15:29-07:00
441,status,new,draft,,v_r25_ie,draft,Vishakha Tapase,2019-07-17T04:03:29-07:00
442,status,new,draft,v_inv_first,v_r25_ie,pending_approval,v_r25_ie v_r25_ie,2019-07-17T04:04:41-07:00
442,status,draft,processing,v_inv_first,v_r25_ie,pending_approval,v_r25_ie v_r25_ie,2019-07-17T04:05:44-07:00
442,status,processing,pending_approval,v_inv_first,v_r25_ie,pending_approval,,2019-07-17T04:06:14-07:00
443,status,new,processing,v_cr_first,v_r25_ie,approved,v_r25_ie v_r25_ie,2019-07-17T04:09:12-07:00
443,status,processing,approved,v_cr_first,v_r25_ie,approved,,2019-07-17T04:09:52-07:00
444,status,new,draft,v_inv_second,v_r25_ie,pending_receipt,v_r25_ie v_r25_ie,2019-07-17T04:13:15-07:00
444,status,draft,processing,v_inv_second,v_r25_ie,pending_receipt,v_r25_ie v_r25_ie,2019-07-17T04:15:06-07:00
444,status,processing,pending_receipt,v_inv_second,v_r25_ie,pending_receipt,,2019-07-17T04:15:38-07:00
445,status,new,draft,,v_r25_ie,draft,Vishakha Tapase,2019-07-17T04:46:55-07:00
446,status,new,draft,v_3wd_first,v_r25_ie,pending_approval,v_r25_ie v_r25_ie,2019-07-17T04:51:37-07:00
446,status,draft,processing,v_3wd_first,v_r25_ie,pending_approval,v_r25_ie v_r25_ie,2019-07-17T04:57:35-07:00
446,status,processing,pending_approval,v_3wd_first,v_r25_ie,pending_approval,,2019-07-17T04:58:04-07:00
447,status,new,draft,v_3wd_second,v_r25_ie,pending_approval,v_r25_ie v_r25_ie,2019-07-17T04:59:24-07:00
447,status,draft,processing,v_3wd_second,v_r25_ie,pending_approval,v_r25_ie v_r25_ie,2019-07-17T05:00:23-07:00
447,status,processing,pending_receipt,v_3wd_second,v_r25_ie,pending_approval,,2019-07-17T05:00:56-07:00
448,status,new,processing,v_3wd_first_CR,v_r25_ie,approved,v_r25_ie v_r25_ie,2019-07-17T05:04:58-07:00
448,status,processing,approved,v_3wd_first_CR,v_r25_ie,approved,,2019-07-17T05:05:42-07:00
447,status,pending_receipt,pending_approval,v_3wd_second,v_r25_ie,pending_approval,,2019-07-17T05:06:05-07:00
450,status,new,draft,,v_r25_ie,draft,v_r25_ie v_r25_ie,2019-07-17T06:21:19-07:00
451,status,new,draft,,v_r25_ie,draft,v_r25_ie v_r25_ie,2019-07-17T06:27:32-07:00
452,status,new,draft,,v_r25_ie,draft,v_r25_ie v_r25_ie,2019-07-17T06:31:43-07:00
454,status,new,draft,v_invoice_negative_line,v_r25_ie,approved,Vishakha Tapase,2019-07-17T07:15:44-07:00
454,status,draft,approved,v_invoice_negative_line,v_r25_ie,approved,Vishakha Tapase,2019-07-17T07:17:08-07:00
455,status,new,draft,121212,v_r25_ie,pending_receipt,Pradeep Chakravarthi,2019-07-17T07:25:06-07:00
455,status,draft,pending_receipt,121212,v_r25_ie,pending_receipt,Pradeep Chakravarthi,2019-07-17T07:25:25-07:00
456,status,new,draft,111222,v_r25_ie,pending_receipt,Pradeep Chakravarthi,2019-07-17T07:26:55-07:00
456,status,draft,pending_receipt,111222,v_r25_ie,pending_receipt,Pradeep Chakravarthi,2019-07-17T07:27:08-07:00
457,status,new,on_hold,asdasdasd,AUS 2,on_hold,Vishakha Tapase,2019-07-17T07:29:33-07:00
458,status,new,draft,555666,Pradeep_Supplier,approved,Pradeep Chakravarthi,2019-07-17T07:31:50-07:00
458,status,draft,approved,555666,Pradeep_Supplier,approved,Pradeep Chakravarthi,2019-07-17T07:32:01-07:00
459,status,new,draft,222333,Pradeep_Supplier,approved,Pradeep Chakravarthi,2019-07-17T07:34:08-07:00
459,status,draft,approved,222333,Pradeep_Supplier,approved,Pradeep Chakravarthi,2019-07-17T07:34:37-07:00
460,status,new,pending_approval,1223,Pradeep_Supplier,pending_approval,Pradeep Chakravarthi,2019-07-17T07:35:57-07:00
461,status,new,draft,777888,Pradeep_Supplier,approved,Pradeep Chakravarthi,2019-07-17T07:36:19-07:00
461,status,draft,approved,777888,Pradeep_Supplier,approved,Pradeep Chakravarthi,2019-07-17T07:36:38-07:00
462,status,new,draft,666555,Pradeep_Supplier,approved,Pradeep Chakravarthi,2019-07-17T07:40:17-07:00
462,status,draft,approved,666555,Pradeep_Supplier,approved,Pradeep Chakravarthi,2019-07-17T07:40:34-07:00
463,status,new,draft,v_neg_qty_line,v_r25_ie,pending_receipt,Vishakha Tapase,2019-07-17T07:41:24-07:00
464,status,new,draft,2222,v_r25_ie,pending_approval,Pradeep Chakravarthi,2019-07-17T07:41:30-07:00
464,status,draft,pending_approval,2222,v_r25_ie,pending_approval,Pradeep Chakravarthi,2019-07-17T07:41:47-07:00
463,status,draft,pending_receipt,v_neg_qty_line,v_r25_ie,pending_receipt,Vishakha Tapase,2019-07-17T07:42:37-07:00
465,status,new,draft,v_neg_q_line,v_r25_ie,approved,Vishakha Tapase,2019-07-17T08:12:37-07:00
465,status,draft,approved,v_neg_q_line,v_r25_ie,approved,Vishakha Tapase,2019-07-17T08:13:27-07:00
466,status,new,draft,v_neg_amount_line-1,v_r25_ie,approved,Vishakha Tapase,2019-07-17T08:15:58-07:00
466,status,draft,approved,v_neg_amount_line-1,v_r25_ie,approved,Vishakha Tapase,2019-07-17T08:17:29-07:00
467,status,new,draft,v_inv_withneg_qty,v_r25_ie,approved,Vishakha Tapase,2019-07-17T10:48:47-07:00
467,status,draft,approved,v_inv_withneg_qty,v_r25_ie,approved,Vishakha Tapase,2019-07-17T10:49:51-07:00
468,status,new,draft,71719_001,Aussie Supply,pending_approval,David Larsen,2019-07-17T10:50:09-07:00
468,status,draft,processing,71719_001,Aussie Supply,pending_approval,David Larsen,2019-07-17T10:51:55-07:00
468,status,processing,ap_hold,71719_001,Aussie Supply,pending_approval,,2019-07-17T10:52:59-07:00
468,status,ap_hold,on_hold,71719_001,Aussie Supply,pending_approval,David Larsen,2019-07-17T10:53:46-07:00
468,status,on_hold,pending_approval,71719_001,Aussie Supply,pending_approval,David Larsen,2019-07-17T10:53:56-07:00
469,status,new,draft,71719_002,Aussie Supply,pending_approval,David Larsen,2019-07-17T10:58:05-07:00
469,status,draft,ap_hold,71719_002,Aussie Supply,pending_approval,David Larsen,2019-07-17T11:01:53-07:00
469,status,ap_hold,on_hold,71719_002,Aussie Supply,pending_approval,David Larsen,2019-07-17T11:02:36-07:00
469,status,on_hold,pending_approval,71719_002,Aussie Supply,pending_approval,David Larsen,2019-07-17T11:02:47-07:00
470,status,new,draft,71719_003,Aussie Supply,pending_approval,David Larsen,2019-07-17T11:04:03-07:00
470,status,draft,processing,71719_003,Aussie Supply,pending_approval,David Larsen,2019-07-17T11:06:20-07:00
470,status,processing,ap_hold,71719_003,Aussie Supply,pending_approval,,2019-07-17T11:07:22-07:00
470,status,ap_hold,on_hold,71719_003,Aussie Supply,pending_approval,David Larsen,2019-07-17T11:10:32-07:00
470,status,on_hold,pending_approval,71719_003,Aussie Supply,pending_approval,David Larsen,2019-07-17T11:10:52-07:00
472,status,new,ap_hold,71719_010,Aussie Supply,on_hold,David Larsen,2019-07-17T11:37:06-07:00
471,status,new,draft,,Aussie Supply,draft,David Larsen,2019-07-17T11:38:44-07:00
472,status,ap_hold,on_hold,71719_010,Aussie Supply,on_hold,David Larsen,2019-07-17T11:39:13-07:00
472,status,on_hold,pending_approval,71719_010,Aussie Supply,on_hold,David Larsen,2019-07-17T11:39:29-07:00
472,status,pending_approval,draft2,71719_010,Aussie Supply,on_hold,David Larsen,2019-07-17T11:39:29-07:00
472,status,pending_approval,draft,71719_010,Aussie Supply,on_hold,David Larsen,2019-07-17T11:40:57-07:00
472,status,draft,ap_hold,71719_010,Aussie Supply,on_hold,David Larsen,2019-07-17T11:40:57-07:00
473,status,new,draft,71719_020,Aussie Supply,pending_approval,David Larsen,2019-07-17T11:42:01-07:00
473,status,draft,processing,71719_020,Aussie Supply,pending_approval,David Larsen,2019-07-17T11:44:31-07:00
473,status,processing,ap_hold,71719_020,Aussie Supply,pending_approval,,2019-07-17T11:44:56-07:00
473,status,ap_hold,on_hold,71719_020,Aussie Supply,pending_approval,David Larsen,2019-07-17T11:51:44-07:00
473,status,on_hold,pending_approval,71719_020,Aussie Supply,pending_approval,David Larsen,2019-07-17T11:51:52-07:00
472,status,ap_hold,on_hold,71719_010,Aussie Supply,on_hold,David Larsen,2019-07-17T11:54:29-07:00
474,status,new,draft,71719_004,Aussie Supply,ap_hold,David Larsen,2019-07-17T11:55:31-07:00
474,status,draft,processing,71719_004,Aussie Supply,ap_hold,David Larsen,2019-07-17T12:00:31-07:00
474,status,processing,ap_hold,71719_004,Aussie Supply,ap_hold,,2019-07-17T12:01:00-07:00
476,status,new,draft,71719_006,Aussie Supply,ap_hold,David Larsen,2019-07-17T12:11:14-07:00
476,status,draft,ap_hold,71719_006,Aussie Supply,ap_hold,David Larsen,2019-07-17T12:13:40-07:00
478,status,new,draft,,v_r25_ie,draft,v_r25_ie v_r25_ie,2019-07-17T12:32:51-07:00
479,status,new,ap_hold,71719_060,Grainger,ap_hold,David Larsen,2019-07-17T14:44:00-07:00
482,status,new,draft,v_inv_p_01,v_r25_ie,pending_approval,v_r25_ie v_r25_ie,2019-07-18T03:03:02-07:00
482,status,draft,processing,v_inv_p_01,v_r25_ie,pending_approval,v_r25_ie v_r25_ie,2019-07-18T03:07:37-07:00
482,status,processing,pending_approval,v_inv_p_01,v_r25_ie,pending_approval,,2019-07-18T03:08:09-07:00
483,status,new,draft,,v_r25_ie,draft,v_r25_ie v_r25_ie,2019-07-18T03:09:25-07:00
484,status,new,draft,,v_r25_ie,draft,v_r25_ie v_r25_ie,2019-07-18T03:14:39-07:00
488,status,new,processing,v_cr_p_01,v_r25_ie,approved,v_r25_ie v_r25_ie,2019-07-18T03:25:09-07:00
488,status,processing,approved,v_cr_p_01,v_r25_ie,approved,,2019-07-18T03:25:51-07:00
489,status,new,draft,v_inv_p_02,v_r25_ie,pending_receipt,v_r25_ie v_r25_ie,2019-07-18T03:28:52-07:00
489,status,draft,processing,v_inv_p_02,v_r25_ie,pending_receipt,v_r25_ie v_r25_ie,2019-07-18T03:35:21-07:00
489,status,processing,pending_receipt,v_inv_p_02,v_r25_ie,pending_receipt,,2019-07-18T03:36:09-07:00
490,status,new,draft,v_inv_3wd_first,v_r25_ie,pending_approval,v_r25_ie v_r25_ie,2019-07-18T04:12:42-07:00
490,status,draft,processing,v_inv_3wd_first,v_r25_ie,pending_approval,v_r25_ie v_r25_ie,2019-07-18T04:13:58-07:00
490,status,processing,pending_approval,v_inv_3wd_first,v_r25_ie,pending_approval,,2019-07-18T04:14:32-07:00
491,status,new,processing,v_CR_3wd_first,v_r25_ie,approved,v_r25_ie v_r25_ie,2019-07-18T04:16:56-07:00
491,status,processing,approved,v_CR_3wd_first,v_r25_ie,approved,,2019-07-18T04:17:37-07:00
492,status,new,draft,v_inv_3wd_second,v_r25_ie,pending_receipt,v_r25_ie v_r25_ie,2019-07-18T04:18:25-07:00
492,status,draft,processing,v_inv_3wd_second,v_r25_ie,pending_receipt,v_r25_ie v_r25_ie,2019-07-18T04:25:25-07:00
492,status,processing,pending_receipt,v_inv_3wd_second,v_r25_ie,pending_receipt,,2019-07-18T04:26:08-07:00
493,status,new,draft,,RNB Display Name!!! (RNB Group),draft,Tanmay Nashte,2019-07-18T04:28:07-07:00
495,status,new,on_hold,tesr123,ESPMk,on_hold,Michael Hsu,2019-07-18T12:35:35-07:00
496,status,new,draft,Test by Le Liu,Bananas Inc,approved,Le Liu,2019-07-18T17:02:00-07:00
496,status,draft,approved,Test by Le Liu,Bananas Inc,approved,Le Liu,2019-07-18T17:02:25-07:00
539,status,new,draft,7.45E+11,zSupplier 04_1563524129.473474264,draft,zSupplier 04_1563524129.473474264 Invoicing,2019-07-19T01:15:37-07:00
540,status,new,draft,2.59E+11,zSupplier 04_1563524129.473474264,draft,zSupplier 04_1563524129.473474264 Invoicing,2019-07-19T01:15:45-07:00
541,status,new,draft,2.59E+11,zSupplier 04_1563524129.473474264,draft,zSupplier 04_1563524129.473474264 Invoicing,2019-07-19T01:15:51-07:00
556,status,new,on_hold,q8,AUS 2,pending_approval,GregNonAdmin NonAdmin,2019-07-19T11:18:27-07:00
556,status,on_hold,pending_approval,q8,AUS 2,pending_approval,GregNonAdmin NonAdmin,2019-07-19T11:19:56-07:00
557,status,new,on_hold,q9,AUS 2,pending_approval,GregNonAdmin NonAdmin,2019-07-19T11:26:28-07:00
557,status,on_hold,pending_approval,q9,AUS 2,pending_approval,GregNonAdmin NonAdmin,2019-07-19T11:27:47-07:00
568,status,new,on_hold,del1,Dell Computers,pending_approval,GregTest Test,2019-07-22T02:46:30-07:00
568,status,on_hold,pending_approval,del1,Dell Computers,pending_approval,GregTest Test,2019-07-22T02:47:29-07:00
569,status,new,on_hold,supplier1,Devashri,pending_approval,Hyderabad  Test User,2019-07-22T03:00:43-07:00
569,status,on_hold,pending_approval,supplier1,Devashri,pending_approval,Hyderabad  Test User,2019-07-22T03:01:07-07:00
575,status,new,draft,,v_r25_ie,draft,Vishakha Tapase,2019-07-22T07:26:40-07:00
573,status,new,processing,v_3wl_first,v_r25_ie,pending_approval,v_r25_ie v_r25_ie,2019-07-22T07:27:41-07:00
573,status,processing,pending_approval,v_3wl_first,v_r25_ie,pending_approval,,2019-07-22T07:28:14-07:00
261,status,on_hold,approved,Invoice_143092044870,Dell Computers,approved,Maggie Joy,2019-07-22T07:57:25-07:00
579,status,new,draft,123,Tim co (tim co),draft,Aakash Sotta,2019-07-22T11:42:07-07:00
580,status,new,on_hold,in_1234,Amazon.com,pending_approval,Shashank Dass,2019-07-22T11:45:49-07:00
580,status,on_hold,pending_approval,in_1234,Amazon.com,pending_approval,Shashank Dass,2019-07-22T11:45:56-07:00
582,status,new,on_hold,in_123,New Supplier (test new supplier),pending_approval,Shashank Dass,2019-07-22T11:52:19-07:00
582,status,on_hold,pending_approval,in_123,New Supplier (test new supplier),pending_approval,Shashank Dass,2019-07-22T11:54:47-07:00
583,status,new,draft,,,draft,Aakash Sotta,2019-07-22T11:56:37-07:00
584,status,new,draft,,,draft,Aakash Sotta,2019-07-22T11:58:54-07:00
585,status,new,on_hold,in_1234,New Supplier (test new supplier),pending_approval,Shashank Dass,2019-07-22T13:04:56-07:00
585,status,on_hold,pending_approval,in_1234,New Supplier (test new supplier),pending_approval,Shashank Dass,2019-07-22T13:05:02-07:00
591,status,new,draft,in_12345,New Supplier (Supplier hold bug),booking_hold,Test Supplier New,2019-07-22T13:45:13-07:00
591,status,draft,processing,in_12345,New Supplier (Supplier hold bug),booking_hold,Test Supplier New,2019-07-22T13:46:02-07:00
591,status,processing,booking_hold,in_12345,New Supplier (Supplier hold bug),booking_hold,,2019-07-22T13:46:28-07:00
593,status,new,draft,ABN_010,,draft,Neha Arora,2019-07-22T14:05:12-07:00
597,status,new,draft,,v_r25_ie,draft,Vishakha Tapase,2019-07-23T01:58:52-07:00
599,status,new,draft,2345,VWR,booking_hold,Dawn Frontage,2019-07-23T09:46:27-07:00
599,status,draft,processing,2345,VWR,booking_hold,Dawn Frontage,2019-07-23T09:49:25-07:00
599,status,processing,booking_hold,2345,VWR,booking_hold,,2019-07-23T09:49:55-07:00
600,status,new,draft,MH Inv 1,Ducky,pending_receipt,Michael Hsu,2019-07-23T14:15:04-07:00
600,status,draft,pending_receipt,MH Inv 1,Ducky,pending_receipt,Michael Hsu,2019-07-23T14:15:24-07:00
601,status,new,on_hold,shuchi-default-1,Shuchi,on_hold,Shuchi Supp,2019-07-23T14:26:51-07:00
603,status,new,draft,Test Inv1,Amazon.com,approved,Ganesh Kathare,2019-07-23T21:41:03-07:00
603,status,draft,approved,Test Inv1,Amazon.com,approved,Ganesh Kathare,2019-07-23T21:41:38-07:00
604,status,new,on_hold,REV_123,ABC Box Company,approved,Revathi Nagainallur Murali,2019-07-23T22:20:11-07:00
604,status,on_hold,pending_approval,REV_123,ABC Box Company,approved,Revathi Nagainallur Murali,2019-07-23T22:20:28-07:00
604,status,pending_approval,approved,REV_123,ABC Box Company,approved,Revathi Nagainallur Murali,2019-07-23T22:20:31-07:00
605,status,new,draft,GB archived,dm25-supp,on_hold,dm25-supp 1,2019-07-23T23:50:01-07:00
605,status,draft,processing,GB archived,dm25-supp,on_hold,dm25-supp 1,2019-07-23T23:54:57-07:00
605,status,processing,on_hold,GB archived,dm25-supp,on_hold,,2019-07-23T23:57:32-07:00
606,status,new,draft,GB archived 2,dm25-supp,on_hold,dm25-supp 1,2019-07-24T00:04:24-07:00
606,status,draft,processing,GB archived 2,dm25-supp,on_hold,dm25-supp 1,2019-07-24T00:05:24-07:00
606,status,processing,on_hold,GB archived 2,dm25-supp,on_hold,,2019-07-24T00:07:26-07:00
607,status,new,draft,digitally signed1,dm25-supp,on_hold,dm25-supp 1,2019-07-24T00:24:09-07:00
607,status,draft,processing,digitally signed1,dm25-supp,on_hold,dm25-supp 1,2019-07-24T00:24:51-07:00
607,status,processing,on_hold,digitally signed1,dm25-supp,on_hold,,2019-07-24T00:26:59-07:00
608,status,new,draft,legal doc only,dm25-supp,on_hold,dm25-supp 1,2019-07-24T00:28:53-07:00
608,status,draft,processing,legal doc only,dm25-supp,on_hold,dm25-supp 1,2019-07-24T00:29:34-07:00
608,status,processing,on_hold,legal doc only,dm25-supp,on_hold,,2019-07-24T00:32:04-07:00
609,status,new,draft,GB non compliant,dm25-supp,on_hold,dm25-supp 1,2019-07-24T00:33:46-07:00
609,status,draft,on_hold,GB non compliant,dm25-supp,on_hold,dm25-supp 1,2019-07-24T00:34:20-07:00
610,status,new,draft,,Acme,draft,Chandan Jhunjhunwal,2019-07-24T01:06:29-07:00
611,status,new,draft,Test1234,Apple One Temp Labor,approved,Nick Myers,2019-07-24T06:16:44-07:00
611,status,draft,approved,Test1234,Apple One Temp Labor,approved,Nick Myers,2019-07-24T06:17:48-07:00
612,status,new,draft,,Grainger,draft,Sunil Sridhar,2019-07-24T06:52:20-07:00
